COUNTRY_CODE,YEAR,EMISSIONS_CH4_KT,SOURCE,FILENAME,ANNEX_FLAG
ALB,2022,,UNFCCC,ALB-CRT-2024-V2.0-2022-20251103-231619_awaiting submission.xlsx,false
ARG,2022,,UNFCCC,ARG-CRT-2024-V0.2-2022-20241025-125439_started.xlsx,false
AUS,1990,18.7839064991014,UNFCCC,historic,true
AUS,1991,14.917756426991,UNFCCC,historic,true
AUS,1992,33.2887133176758,UNFCCC,historic,true
AUS,1993,55.7915100947233,UNFCCC,historic,true
AUS,1994,50.9350639031635,UNFCCC,historic,true
AUS,1995,40.4780121414054,UNFCCC,historic,true
AUS,1996,39.4854671020537,UNFCCC,historic,true
AUS,1997,32.8945477185562,UNFCCC,historic,true
AUS,1998,27.5274524210329,UNFCCC,historic,true
AUS,1999,25.9042292141079,UNFCCC,historic,true
AUS,2000,38.7530028497167,UNFCCC,historic,true
AUS,2001,44.9436159060135,UNFCCC,historic,true
AUS,2002,57.3478742086838,UNFCCC,historic,true
AUS,2003,91.4619517220179,UNFCCC,historic,true
AUS,2004,69.0874545580729,UNFCCC,historic,true
AUS,2005,69.7888109608365,UNFCCC,historic,true
AUS,2006,56.494429335041,UNFCCC,historic,true
AUS,2007,57.9824919964446,UNFCCC,historic,true
AUS,2008,66.3018068682815,UNFCCC,historic,true
AUS,2009,58.4348295589591,UNFCCC,historic,true
AUS,2010,47.4265829340018,UNFCCC,historic,true
AUS,2011,29.5730146255819,UNFCCC,historic,true
AUS,2012,25.0532964803989,UNFCCC,historic,true
AUS,2013,41.6925269959595,UNFCCC,historic,true
AUS,2014,34.7575095198171,UNFCCC,historic,true
AUS,2015,28.2869871663452,UNFCCC,historic,true
AUS,2016,24.4330147233364,UNFCCC,historic,true
AUS,2017,44.305091123444,UNFCCC,historic,true
AUS,2018,41.0377733621316,UNFCCC,historic,true
AUS,2019,34.9927238195939,UNFCCC,historic,true
AUS,2020,29.4103815076599,UNFCCC,historic,true
AUS,2021,43.320855019375855,UNFCCC,AUS-CRT-2025-V1.0-2021-20250530-100919_awaiting submission.xlsx,true
AUS,2022,35.770341677655956,UNFCCC,AUS-CRT-2025-V1.0-2022-20250530-100919_awaiting submission.xlsx,true
AUS,2023,31.03186049748476,UNFCCC,AUS-CRT-2025-V1.0-2023-20250530-100919_awaiting submission.xlsx,true
AUS,2024,36.9326236662998,UNFCCC,AUS-CRT-2026-V1.0-2024.xlsx,true
AUS,2025,55.88,IEA,IEA AMM (Google Sheet),true
AUT,1990,,UNFCCC,historic,true
AUT,1991,,UNFCCC,historic,true
AUT,1992,,UNFCCC,historic,true
AUT,1993,,UNFCCC,historic,true
AUT,1994,,UNFCCC,historic,true
AUT,1995,,UNFCCC,historic,true
AUT,1996,,UNFCCC,historic,true
AUT,1997,,UNFCCC,historic,true
AUT,1998,,UNFCCC,historic,true
AUT,1999,,UNFCCC,historic,true
AUT,2000,,UNFCCC,historic,true
AUT,2001,,UNFCCC,historic,true
AUT,2002,,UNFCCC,historic,true
AUT,2003,,UNFCCC,historic,true
AUT,2004,,UNFCCC,historic,true
AUT,2005,,UNFCCC,historic,true
AUT,2006,,UNFCCC,historic,true
AUT,2007,,UNFCCC,historic,true
AUT,2008,,UNFCCC,historic,true
AUT,2009,,UNFCCC,historic,true
AUT,2010,,UNFCCC,historic,true
AUT,2011,,UNFCCC,historic,true
AUT,2012,,UNFCCC,historic,true
AUT,2013,,UNFCCC,historic,true
AUT,2014,,UNFCCC,historic,true
AUT,2015,,UNFCCC,historic,true
AUT,2016,,UNFCCC,historic,true
AUT,2017,,UNFCCC,historic,true
AUT,2018,,UNFCCC,historic,true
AUT,2019,,UNFCCC,historic,true
AUT,2020,,UNFCCC,historic,true
AUT,2021,,UNFCCC,historic,true
AUT,2022,,UNFCCC,AUT-CRT-2024-V1.0-2022-20241113-173144_awaiting submission.xlsx,true
AUT,2023,,UNFCCC,AUT-CRT-2025-V1.0-2023-20250414-131233_awaiting submission.xlsx,true
AUT,2024,,UNFCCC,AUT-CRT-2026-V1.0-2024.xlsx,true
BDI,2022,,UNFCCC,BDI-CRT-2025-V1.1-2022-20260107-135208_started.xlsx,false
BDI,2023,,UNFCCC,BDI-CRT-2025-V1.1-2023-20260107-135208_started.xlsx,false
BEL,1990,1.6013,UNFCCC,historic,true
BEL,1991,1.57115,UNFCCC,historic,true
BEL,1992,2.33696,UNFCCC,historic,true
BEL,1993,2.5393,UNFCCC,historic,true
BEL,1994,2.45488,UNFCCC,historic,true
BEL,1995,2.38185,UNFCCC,historic,true
BEL,1996,2.31619,UNFCCC,historic,true
BEL,1997,2.25656,UNFCCC,historic,true
BEL,1998,2.20564,UNFCCC,historic,true
BEL,1999,2.15807,UNFCCC,historic,true
BEL,2000,2.11787,UNFCCC,historic,true
BEL,2001,2.07566,UNFCCC,historic,true
BEL,2002,2.03881,UNFCCC,historic,true
BEL,2003,2.00397,UNFCCC,historic,true
BEL,2004,1.97114,UNFCCC,historic,true
BEL,2005,1.93831,UNFCCC,historic,true
BEL,2006,1.91151,UNFCCC,historic,true
BEL,2007,1.88069,UNFCCC,historic,true
BEL,2008,1.85523,UNFCCC,historic,true
BEL,2009,1.83044,UNFCCC,historic,true
BEL,2010,1.80565,UNFCCC,historic,true
BEL,2011,1.7822,UNFCCC,historic,true
BEL,2012,1.75875,UNFCCC,historic,true
BEL,2013,1.73932,UNFCCC,historic,true
BEL,2014,1.71721,UNFCCC,historic,true
BEL,2015,1.69912,UNFCCC,historic,true
BEL,2016,1.68103,UNFCCC,historic,true
BEL,2017,1.64485,UNFCCC,historic,true
BEL,2018,1.6281,UNFCCC,historic,true
BEL,2019,1.61135,UNFCCC,historic,true
BEL,2020,1.59527,UNFCCC,historic,true
BEL,2021,1.57919,UNFCCC,historic,true
BEL,2022,1.5678,UNFCCC,BEL-CRT-2024-V1.0-2022-20241217-192810_awaiting submission.xlsx,true
BEL,2023,1.33799,UNFCCC,BEL-CRT-2025-V1.0-2023-20250411-104305_awaiting submission.xlsx,true
BEL,2024,1.32459,UNFCCC,BEL-CRT-2026-V1.0-2024.xlsx,true
BFA,2022,,UNFCCC,BFA-CRT-2024-V0.4-2022-20251109-154548_awaiting approval.xlsx,false
BGR,1990,0.14754961555158,UNFCCC,historic,true
BGR,1991,0.13585595509225,UNFCCC,historic,true
BGR,1992,0.12644582349928,UNFCCC,historic,true
BGR,1993,0.11865456228304,UNFCCC,historic,true
BGR,1994,0.11206004276252,UNFCCC,historic,true
BGR,1995,0.10638009034874,UNFCCC,historic,true
BGR,1996,0.10141813857185,UNFCCC,historic,true
BGR,1997,0.09703252852046,UNFCCC,historic,true
BGR,1998,0.09311823135084,UNFCCC,historic,true
BGR,1999,0.18802067649248,UNFCCC,historic,true
BGR,2000,0.1675712596424,UNFCCC,historic,true
BGR,2001,0.15255103769027,UNFCCC,historic,true
BGR,2002,9.5891049832007,UNFCCC,historic,true
BGR,2003,11.72717619656961,UNFCCC,historic,true
BGR,2004,9.89019787583287,UNFCCC,historic,true
BGR,2005,8.65419324649488,UNFCCC,historic,true
BGR,2006,7.61475022621639,UNFCCC,historic,true
BGR,2007,6.90227659942566,UNFCCC,historic,true
BGR,2008,6.23269978962149,UNFCCC,historic,true
BGR,2009,5.68386236736645,UNFCCC,historic,true
BGR,2010,5.22528177745251,UNFCCC,historic,true
BGR,2011,4.83613001052912,UNFCCC,historic,true
BGR,2012,4.50161049479894,UNFCCC,historic,true
BGR,2013,4.21089092115187,UNFCCC,historic,true
BGR,2014,3.95584535250886,UNFCCC,historic,true
BGR,2015,5.10915674250384,UNFCCC,historic,true
BGR,2016,7.44810091450905,UNFCCC,historic,true
BGR,2017,10.33141216758788,UNFCCC,historic,true
BGR,2018,9.07012784509914,UNFCCC,historic,true
BGR,2019,8.1371958232114,UNFCCC,historic,true
BGR,2020,7.41217766264418,UNFCCC,historic,true
BGR,2021,6.82830187663427,UNFCCC,historic,true
BGR,2022,6.345301706090807,UNFCCC,BGR-CRT-2025-V1.0-2022-20250415-130003_awaiting submission.xlsx,true
BGR,2023,5.937314455750122,UNFCCC,BGR-CRT-2025-V1.0-2023-20250415-130003_awaiting submission.xlsx,true
BGR,2024,5.586891132554858,UNFCCC,BGR-CRT-2026-V1.0-2024.xlsx,true
BLR,1990,,UNFCCC,historic,true
BLR,1991,,UNFCCC,historic,true
BLR,1992,,UNFCCC,historic,true
BLR,1993,,UNFCCC,historic,true
BLR,1994,,UNFCCC,historic,true
BLR,1995,,UNFCCC,historic,true
BLR,1996,,UNFCCC,historic,true
BLR,1997,,UNFCCC,historic,true
BLR,1998,,UNFCCC,historic,true
BLR,1999,,UNFCCC,historic,true
BLR,2000,,UNFCCC,historic,true
BLR,2001,,UNFCCC,historic,true
BLR,2002,,UNFCCC,historic,true
BLR,2003,,UNFCCC,historic,true
BLR,2004,,UNFCCC,historic,true
BLR,2005,,UNFCCC,historic,true
BLR,2006,,UNFCCC,historic,true
BLR,2007,,UNFCCC,historic,true
BLR,2008,,UNFCCC,historic,true
BLR,2009,,UNFCCC,historic,true
BLR,2010,,UNFCCC,historic,true
BLR,2011,,UNFCCC,historic,true
BLR,2012,,UNFCCC,historic,true
BLR,2013,,UNFCCC,historic,true
BLR,2014,,UNFCCC,historic,true
BLR,2015,,UNFCCC,historic,true
BLR,2016,,UNFCCC,historic,true
BLR,2017,,UNFCCC,historic,true
BLR,2018,,UNFCCC,historic,true
BLR,2019,,UNFCCC,historic,true
BLR,2020,,UNFCCC,historic,true
BLR,2021,,UNFCCC,historic,true
BLR,2022,,UNFCCC,BLR-CRT-2025-V1.0-2022-20250430-121132_awaiting submission.xlsx,true
BLR,2023,,UNFCCC,BLR-CRT-2025-V1.0-2023-20250430-121132_awaiting submission.xlsx,true
BLR,2024,,UNFCCC,BLR-CRT-2026-V1.0-2024.xlsx,true
BRA,2022,,UNFCCC,BRA-CRT-2024-V0.4-2022-20241219-152333_started.xlsx,false
BRN,2022,,UNFCCC,BRN-CRT-2024-V0.1-2022-20250107-081727_started.xlsx,false
BTN,2022,,UNFCCC,BTN-CRT-2024-V0.6-2022-20241222-232810_started.xlsx,false
CAN,1990,7.67632647936784,UNFCCC,historic,true
CAN,1991,7.30924135869187,UNFCCC,historic,true
CAN,1992,7.00366170315375,UNFCCC,historic,true
CAN,1993,20.6678000179459,UNFCCC,historic,true
CAN,1994,17.4259936674194,UNFCCC,historic,true
CAN,1995,15.9438758858626,UNFCCC,historic,true
CAN,1996,14.7163156313958,UNFCCC,historic,true
CAN,1997,13.9412053086924,UNFCCC,historic,true
CAN,1998,13.228647414168,UNFCCC,historic,true
CAN,1999,12.637500803084,UNFCCC,historic,true
CAN,2000,21.8897456134046,UNFCCC,historic,true
CAN,2001,20.3801811554525,UNFCCC,historic,true
CAN,2002,20.1706650828291,UNFCCC,historic,true
CAN,2003,18.7118595597118,UNFCCC,historic,true
CAN,2004,17.6693950471579,UNFCCC,historic,true
CAN,2005,6.67361512748708,UNFCCC,historic,true
CAN,2006,6.45731108712094,UNFCCC,historic,true
CAN,2007,6.29874859346445,UNFCCC,historic,true
CAN,2008,6.13430216663162,UNFCCC,historic,true
CAN,2009,5.99058948069905,UNFCCC,historic,true
CAN,2010,5.86209640927809,UNFCCC,historic,true
CAN,2011,5.74567060045856,UNFCCC,historic,true
CAN,2012,5.63912500669121,UNFCCC,historic,true
CAN,2013,5.540859204836,UNFCCC,historic,true
CAN,2014,2.26135985549134,UNFCCC,historic,true
CAN,2015,2.22899716317084,UNFCCC,historic,true
CAN,2016,2.89473458815351,UNFCCC,historic,true
CAN,2017,3.04810878352439,UNFCCC,historic,true
CAN,2018,2.62689415418064,UNFCCC,historic,true
CAN,2019,2.54135306055017,UNFCCC,historic,true
CAN,2020,2.47165101478691,UNFCCC,historic,true
CAN,2021,2.41283796880035,UNFCCC,historic,true
CAN,2022,3.48009314929655,UNFCCC,CAN-CRT-2024-V0.1-2022-20241013-185747_started.xlsx,true
CHE,1990,,UNFCCC,historic,true
CHE,1991,,UNFCCC,historic,true
CHE,1992,,UNFCCC,historic,true
CHE,1993,,UNFCCC,historic,true
CHE,1994,,UNFCCC,historic,true
CHE,1995,,UNFCCC,historic,true
CHE,1996,,UNFCCC,historic,true
CHE,1997,,UNFCCC,historic,true
CHE,1998,,UNFCCC,historic,true
CHE,1999,,UNFCCC,historic,true
CHE,2000,,UNFCCC,historic,true
CHE,2001,,UNFCCC,historic,true
CHE,2002,,UNFCCC,historic,true
CHE,2003,,UNFCCC,historic,true
CHE,2004,,UNFCCC,historic,true
CHE,2005,,UNFCCC,historic,true
CHE,2006,,UNFCCC,historic,true
CHE,2007,,UNFCCC,historic,true
CHE,2008,,UNFCCC,historic,true
CHE,2009,,UNFCCC,historic,true
CHE,2010,,UNFCCC,historic,true
CHE,2011,,UNFCCC,historic,true
CHE,2012,,UNFCCC,historic,true
CHE,2013,,UNFCCC,historic,true
CHE,2014,,UNFCCC,historic,true
CHE,2015,,UNFCCC,historic,true
CHE,2016,,UNFCCC,historic,true
CHE,2017,,UNFCCC,historic,true
CHE,2018,,UNFCCC,historic,true
CHE,2019,,UNFCCC,historic,true
CHE,2020,,UNFCCC,historic,true
CHE,2021,,UNFCCC,historic,true
CHE,2022,,UNFCCC,CHE-CRT-2024-V1.0-2022-20241211-180354.xlsx,true
CHE,2023,,UNFCCC,CHE-CRT-2025-V1.0-2023-20250409-144413_awaiting submission.xlsx,true
CHE,2024,,UNFCCC,CHE-CRT-2026-V1.0-2024.xlsx,true
CHN,2025,2070.32,IEA,IEA AMM (Google Sheet),false
CIV,2022,,UNFCCC,CIV-CRT-2024-V1.4-2022-20251110-150925_started.xlsx,false
COL,2022,,UNFCCC,COL-CRT-2026-V1.0-2022.xlsx,false
COL,2023,,UNFCCC,COL-CRT-2026-V1.0-2023.xlsx,false
COL,2024,,UNFCCC,COL-CRT-2026-V1.0-2024.xlsx,false
COL,2025,3.8,IEA,IEA AMM (Google Sheet),false
CUB,2022,,UNFCCC,CUB-CRT-2024-V0.3-2022-20250414-101016_started.xlsx,false
CYP,1990,,UNFCCC,historic,true
CYP,1991,,UNFCCC,historic,true
CYP,1992,,UNFCCC,historic,true
CYP,1993,,UNFCCC,historic,true
CYP,1994,,UNFCCC,historic,true
CYP,1995,,UNFCCC,historic,true
CYP,1996,,UNFCCC,historic,true
CYP,1997,,UNFCCC,historic,true
CYP,1998,,UNFCCC,historic,true
CYP,1999,,UNFCCC,historic,true
CYP,2000,,UNFCCC,historic,true
CYP,2001,,UNFCCC,historic,true
CYP,2002,,UNFCCC,historic,true
CYP,2003,,UNFCCC,historic,true
CYP,2004,,UNFCCC,historic,true
CYP,2005,,UNFCCC,historic,true
CYP,2006,,UNFCCC,historic,true
CYP,2007,,UNFCCC,historic,true
CYP,2008,,UNFCCC,historic,true
CYP,2009,,UNFCCC,historic,true
CYP,2010,,UNFCCC,historic,true
CYP,2011,,UNFCCC,historic,true
CYP,2012,,UNFCCC,historic,true
CYP,2013,,UNFCCC,historic,true
CYP,2014,,UNFCCC,historic,true
CYP,2015,,UNFCCC,historic,true
CYP,2016,,UNFCCC,historic,true
CYP,2017,,UNFCCC,historic,true
CYP,2018,,UNFCCC,historic,true
CYP,2019,,UNFCCC,historic,true
CYP,2020,,UNFCCC,historic,true
CYP,2021,,UNFCCC,CYP-CRT-2025-V1.0-2021-20250930-144143_submitted.xlsx,true
CYP,2022,,UNFCCC,CYP-CRT-2025-V1.0-2022-20250930-144143_submitted.xlsx,true
CYP,2023,,UNFCCC,CYP-CRT-2025-V1.0-2023-20250930-144143_submitted.xlsx,true
CYP,2024,,UNFCCC,CYP-CRT-2026-V0.2-2024-20260417-221902_started.xlsx,true
CZE,1990,2.86157,UNFCCC,historic,true
CZE,1991,4.599885,UNFCCC,historic,true
CZE,1992,6.729815,UNFCCC,historic,true
CZE,1993,9.904945,UNFCCC,historic,true
CZE,1994,11.95079,UNFCCC,historic,true
CZE,1995,13.134345,UNFCCC,historic,true
CZE,1996,13.03686,UNFCCC,historic,true
CZE,1997,12.432185,UNFCCC,historic,true
CZE,1998,11.915615,UNFCCC,historic,true
CZE,1999,11.957155,UNFCCC,historic,true
CZE,2000,12.02516,UNFCCC,historic,true
CZE,2001,11.62919,UNFCCC,historic,true
CZE,2002,11.265045,UNFCCC,historic,true
CZE,2003,12.12298,UNFCCC,historic,true
CZE,2004,11.634215,UNFCCC,historic,true
CZE,2005,10.662648,UNFCCC,historic,true
CZE,2006,10.0808535,UNFCCC,historic,true
CZE,2007,8.472284,UNFCCC,historic,true
CZE,2008,7.74679125,UNFCCC,historic,true
CZE,2009,5.6452525,UNFCCC,historic,true
CZE,2010,4.39587,UNFCCC,historic,true
CZE,2011,3.2193165,UNFCCC,historic,true
CZE,2012,3.1453485,UNFCCC,historic,true
CZE,2013,3.075903,UNFCCC,historic,true
CZE,2014,3.015804,UNFCCC,historic,true
CZE,2015,2.9586195,UNFCCC,historic,true
CZE,2016,3.034296,UNFCCC,historic,true
CZE,2017,3.2964,UNFCCC,historic,true
CZE,2018,3.2964,UNFCCC,historic,true
CZE,2019,3.2964,UNFCCC,historic,true
CZE,2020,3.558504,UNFCCC,historic,true
CZE,2021,3.689556,UNFCCC,historic,true
CZE,2022,3.2137889999999993,UNFCCC,CZE-CRT-2026-V1.0-2022.xlsx,true
CZE,2023,3.1612275,UNFCCC,CZE-CRT-2026-V1.0-2023.xlsx,true
CZE,2024,3.115902,UNFCCC,CZE-CRT-2026-V1.0-2024.xlsx,true
DEU,1990,142.86228872,UNFCCC,historic,true
DEU,1991,140.72567604,UNFCCC,historic,true
DEU,1992,155.18305539,UNFCCC,historic,true
DEU,1993,154.05678534,UNFCCC,historic,true
DEU,1994,151.61994971,UNFCCC,historic,true
DEU,1995,173.93632089,UNFCCC,historic,true
DEU,1996,171.43203706,UNFCCC,historic,true
DEU,1997,168.94875345,UNFCCC,historic,true
DEU,1998,173.82039776,UNFCCC,historic,true
DEU,1999,171.03363386,UNFCCC,historic,true
DEU,2000,201.44328738,UNFCCC,historic,true
DEU,2001,168.35126373,UNFCCC,historic,true
DEU,2002,132.19891773,UNFCCC,historic,true
DEU,2003,98.56483778,UNFCCC,historic,true
DEU,2004,65.2128751,UNFCCC,historic,true
DEU,2005,32.11862947,UNFCCC,historic,true
DEU,2006,3.76420411,UNFCCC,historic,true
DEU,2007,2.95516497,UNFCCC,historic,true
DEU,2008,2.93380052,UNFCCC,historic,true
DEU,2009,3.05442789,UNFCCC,historic,true
DEU,2010,2.73948851,UNFCCC,historic,true
DEU,2011,3.05615514,UNFCCC,historic,true
DEU,2012,2.84915079,UNFCCC,historic,true
DEU,2013,2.75286486,UNFCCC,historic,true
DEU,2014,2.6529,UNFCCC,historic,true
DEU,2015,2.7246,UNFCCC,historic,true
DEU,2016,2.9397,UNFCCC,historic,true
DEU,2017,2.6529,UNFCCC,historic,true
DEU,2018,2.5812,UNFCCC,historic,true
DEU,2019,2.5812,UNFCCC,historic,true
DEU,2020,2.5095,UNFCCC,historic,true
DEU,2021,2.3661,UNFCCC,historic,true
DEU,2022,2.2227,UNFCCC,DEU-CRT-2024-V1.1-2022-20241206-101928_started.xlsx,true
DEU,2023,2.0793,UNFCCC,DEU-CRT-2025-V1.0-2023-20250415-091708_awaiting submission.xlsx,true
DEU,2024,2.0076,UNFCCC,DEU-CRT-2026-V1.0-2024.xlsx,true
DEU,2025,7.7,IEA,IEA AMM (Google Sheet),true
DNK,1990,,UNFCCC,historic,true
DNK,1991,,UNFCCC,historic,true
DNK,1992,,UNFCCC,historic,true
DNK,1993,,UNFCCC,historic,true
DNK,1994,,UNFCCC,historic,true
DNK,1995,,UNFCCC,historic,true
DNK,1996,,UNFCCC,historic,true
DNK,1997,,UNFCCC,historic,true
DNK,1998,,UNFCCC,historic,true
DNK,1999,,UNFCCC,historic,true
DNK,2000,,UNFCCC,historic,true
DNK,2001,,UNFCCC,historic,true
DNK,2002,,UNFCCC,historic,true
DNK,2003,,UNFCCC,historic,true
DNK,2004,,UNFCCC,historic,true
DNK,2005,,UNFCCC,historic,true
DNK,2006,,UNFCCC,historic,true
DNK,2007,,UNFCCC,historic,true
DNK,2008,,UNFCCC,historic,true
DNK,2009,,UNFCCC,historic,true
DNK,2010,,UNFCCC,historic,true
DNK,2011,,UNFCCC,historic,true
DNK,2012,,UNFCCC,historic,true
DNK,2013,,UNFCCC,historic,true
DNK,2014,,UNFCCC,historic,true
DNK,2015,,UNFCCC,historic,true
DNK,2016,,UNFCCC,historic,true
DNK,2017,,UNFCCC,historic,true
DNK,2018,,UNFCCC,historic,true
DNK,2019,,UNFCCC,historic,true
DNK,2020,,UNFCCC,historic,true
DNK,2021,,UNFCCC,historic,true
DNK,2022,,UNFCCC,DNK-CRT-2026-V2.0-2022.xlsx,true
DNK,2023,,UNFCCC,DNK-CRT-2026-V2.0-2023.xlsx,true
DNK,2024,,UNFCCC,DNK-CRT-2026-V2.0-2024.xlsx,true
DZA,2022,,UNFCCC,DZA-CRT-2024-V0.1-2022-20241225-153939_started.xlsx,false
EGY,2022,,UNFCCC,EGY-CRT-2024-V0.4-2022-20241230-110251_started.xlsx,false
ESP,1990,,UNFCCC,historic,true
ESP,1991,,UNFCCC,historic,true
ESP,1992,,UNFCCC,historic,true
ESP,1993,0.453902438,UNFCCC,historic,true
ESP,1994,0.355593921,UNFCCC,historic,true
ESP,1995,0.305032457,UNFCCC,historic,true
ESP,1996,0.726587248,UNFCCC,historic,true
ESP,1997,0.605208878,UNFCCC,historic,true
ESP,1998,0.537077431,UNFCCC,historic,true
ESP,1999,0.490744478,UNFCCC,historic,true
ESP,2000,0.456183362,UNFCCC,historic,true
ESP,2001,0.882844778,UNFCCC,historic,true
ESP,2002,0.762257868,UNFCCC,historic,true
ESP,2003,0.6929858,UNFCCC,historic,true
ESP,2004,0.644604315,UNFCCC,historic,true
ESP,2005,0.607575238,UNFCCC,historic,true
ESP,2006,0.577695718,UNFCCC,historic,true
ESP,2007,0.552740237,UNFCCC,historic,true
ESP,2008,0.531385103,UNFCCC,historic,true
ESP,2009,0.512777357,UNFCCC,historic,true
ESP,2010,0.496334299,UNFCCC,historic,true
ESP,2011,0.481639778,UNFCCC,historic,true
ESP,2012,0.468386036,UNFCCC,historic,true
ESP,2013,0.456339001,UNFCCC,historic,true
ESP,2014,0.8992,UNFCCC,historic,true
ESP,2015,0.790767808,UNFCCC,historic,true
ESP,2016,0.7308,UNFCCC,historic,true
ESP,2017,0.689767999,UNFCCC,historic,true
ESP,2018,0.658575575,UNFCCC,historic,true
ESP,2019,0.633405681,UNFCCC,historic,true
ESP,2020,1.066189619,UNFCCC,historic,true
ESP,2021,0.949675666,UNFCCC,historic,true
ESP,2022,0.883107035,UNFCCC,ESP-CRT-2026-V1.0-2022.xlsx,true
ESP,2023,0.836472762,UNFCCC,ESP-CRT-2026-V1.0-2023.xlsx,true
ESP,2024,0.800501758,UNFCCC,ESP-CRT-2026-V1.0-2024.xlsx,true
EST,1990,,UNFCCC,historic,true
EST,1991,,UNFCCC,historic,true
EST,1992,,UNFCCC,historic,true
EST,1993,,UNFCCC,historic,true
EST,1994,,UNFCCC,historic,true
EST,1995,,UNFCCC,historic,true
EST,1996,,UNFCCC,historic,true
EST,1997,,UNFCCC,historic,true
EST,1998,,UNFCCC,historic,true
EST,1999,,UNFCCC,historic,true
EST,2000,,UNFCCC,historic,true
EST,2001,,UNFCCC,historic,true
EST,2002,,UNFCCC,historic,true
EST,2003,,UNFCCC,historic,true
EST,2004,,UNFCCC,historic,true
EST,2005,,UNFCCC,historic,true
EST,2006,,UNFCCC,historic,true
EST,2007,,UNFCCC,historic,true
EST,2008,,UNFCCC,historic,true
EST,2009,,UNFCCC,historic,true
EST,2010,,UNFCCC,historic,true
EST,2011,,UNFCCC,historic,true
EST,2012,,UNFCCC,historic,true
EST,2013,,UNFCCC,historic,true
EST,2014,,UNFCCC,historic,true
EST,2015,,UNFCCC,historic,true
EST,2016,,UNFCCC,historic,true
EST,2017,,UNFCCC,historic,true
EST,2018,,UNFCCC,historic,true
EST,2019,,UNFCCC,historic,true
EST,2020,,UNFCCC,historic,true
EST,2021,,UNFCCC,historic,true
EST,2022,,UNFCCC,EST-CRT-2024-V1.0-2022-20241220-135059_awaiting submission.xlsx,true
EST,2023,,UNFCCC,EST-CRT-2025-V1.0-2023-20250415-152116_awaiting submission.xlsx,true
EST,2024,,UNFCCC,EST-CRT-2026-V1.0-2024.xlsx,true
EU,2022,231.353252836019,UNFCCC,EUA_CRT_2022.xlsx,false
FIN,1990,,UNFCCC,historic,true
FIN,1991,,UNFCCC,historic,true
FIN,1992,,UNFCCC,historic,true
FIN,1993,,UNFCCC,historic,true
FIN,1994,,UNFCCC,historic,true
FIN,1995,,UNFCCC,historic,true
FIN,1996,,UNFCCC,historic,true
FIN,1997,,UNFCCC,historic,true
FIN,1998,,UNFCCC,historic,true
FIN,1999,,UNFCCC,historic,true
FIN,2000,,UNFCCC,historic,true
FIN,2001,,UNFCCC,historic,true
FIN,2002,,UNFCCC,historic,true
FIN,2003,,UNFCCC,historic,true
FIN,2004,,UNFCCC,historic,true
FIN,2005,,UNFCCC,historic,true
FIN,2006,,UNFCCC,historic,true
FIN,2007,,UNFCCC,historic,true
FIN,2008,,UNFCCC,historic,true
FIN,2009,,UNFCCC,historic,true
FIN,2010,,UNFCCC,historic,true
FIN,2011,,UNFCCC,historic,true
FIN,2012,,UNFCCC,historic,true
FIN,2013,,UNFCCC,historic,true
FIN,2014,,UNFCCC,historic,true
FIN,2015,,UNFCCC,historic,true
FIN,2016,,UNFCCC,historic,true
FIN,2017,,UNFCCC,historic,true
FIN,2018,,UNFCCC,historic,true
FIN,2019,,UNFCCC,historic,true
FIN,2020,,UNFCCC,historic,true
FIN,2021,,UNFCCC,historic,true
FIN,2022,,UNFCCC,FIN-CRT-2024-V1.0-2022-20241216-165950_awaiting submission.xlsx,true
FIN,2023,,UNFCCC,FIN-CRT-2025-V1.0-2023-20250411-085701_awaiting submission.xlsx,true
FIN,2024,,UNFCCC,FIN-CRT-2026-V1.0-2024.xlsx,true
FRA,1990,,UNFCCC,historic,true
FRA,1991,,UNFCCC,historic,true
FRA,1992,,UNFCCC,historic,true
FRA,1993,,UNFCCC,historic,true
FRA,1994,,UNFCCC,historic,true
FRA,1995,,UNFCCC,historic,true
FRA,1996,,UNFCCC,historic,true
FRA,1997,,UNFCCC,historic,true
FRA,1998,,UNFCCC,historic,true
FRA,1999,,UNFCCC,historic,true
FRA,2000,,UNFCCC,historic,true
FRA,2001,,UNFCCC,historic,true
FRA,2002,,UNFCCC,historic,true
FRA,2003,,UNFCCC,historic,true
FRA,2004,22.4490069005175,UNFCCC,historic,true
FRA,2005,14.807,UNFCCC,historic,true
FRA,2006,9.447,UNFCCC,historic,true
FRA,2007,1.407,UNFCCC,historic,true
FRA,2008,1.407,UNFCCC,historic,true
FRA,2009,1.407,UNFCCC,historic,true
FRA,2010,1.407,UNFCCC,historic,true
FRA,2011,1.072,UNFCCC,historic,true
FRA,2012,0.469,UNFCCC,historic,true
FRA,2013,0.536,UNFCCC,historic,true
FRA,2014,0.402,UNFCCC,historic,true
FRA,2015,0.402,UNFCCC,historic,true
FRA,2016,0.402,UNFCCC,historic,true
FRA,2017,0.402,UNFCCC,historic,true
FRA,2018,0.402,UNFCCC,historic,true
FRA,2019,0.402,UNFCCC,historic,true
FRA,2020,0.402,UNFCCC,historic,true
FRA,2021,0.0469,UNFCCC,historic,true
FRA,2022,,UNFCCC,FRA-CRT-2025-V1.0-2022-20250415-170700_awaiting submission.xlsx,true
FRA,2023,,UNFCCC,FRA-CRT-2025-V1.0-2023-20250415-170700_awaiting submission.xlsx,true
FRA,2024,,UNFCCC,FRAJ-CRT-2026-V1.0-2024.xlsx,true
GAB,2022,,UNFCCC,GAB-CRT-2024-V1.0-2022-20260306-091606_awaiting submission.xlsx,false
GBR,1990,51.1955237575006,UNFCCC,historic,true
GBR,1991,56.7279883783191,UNFCCC,historic,true
GBR,1992,83.6766258079713,UNFCCC,historic,true
GBR,1993,101.857789560895,UNFCCC,historic,true
GBR,1994,91.4421668694385,UNFCCC,historic,true
GBR,1995,95.7310452715012,UNFCCC,historic,true
GBR,1996,82.6077941440762,UNFCCC,historic,true
GBR,1997,87.3138190724458,UNFCCC,historic,true
GBR,1998,75.2424192081716,UNFCCC,historic,true
GBR,1999,64.7999085415176,UNFCCC,historic,true
GBR,2000,58.1660501357006,UNFCCC,historic,true
GBR,2001,43.4767406517355,UNFCCC,historic,true
GBR,2002,37.4074859785504,UNFCCC,historic,true
GBR,2003,25.9658198940734,UNFCCC,historic,true
GBR,2004,18.1731690182838,UNFCCC,historic,true
GBR,2005,20.7224701121071,UNFCCC,historic,true
GBR,2006,27.2768965661678,UNFCCC,historic,true
GBR,2007,23.5457307237454,UNFCCC,historic,true
GBR,2008,22.4337442669756,UNFCCC,historic,true
GBR,2009,17.2964196448677,UNFCCC,historic,true
GBR,2010,17.452676794352,UNFCCC,historic,true
GBR,2011,18.46851421928,UNFCCC,historic,true
GBR,2012,18.1299842633232,UNFCCC,historic,true
GBR,2013,18.089232321373,UNFCCC,historic,true
GBR,2014,17.513617008459,UNFCCC,historic,true
GBR,2015,17.6586385627831,UNFCCC,historic,true
GBR,2016,17.9005734741649,UNFCCC,historic,true
GBR,2017,17.6561009565683,UNFCCC,historic,true
GBR,2018,17.0319337641298,UNFCCC,historic,true
GBR,2019,16.7818273259124,UNFCCC,historic,true
GBR,2020,16.4972685718468,UNFCCC,historic,true
GBR,2021,16.3397749563174,UNFCCC,historic,true
GBR,2022,16.069738356679,UNFCCC,GBR-CRT-2024-V1.1-2022-20241227-053246_started.xlsx,true
GBR,2023,15.764815848208858,UNFCCC,GBR-CRT-2026-V1.0-2023.xlsx,true
GBR,2024,15.578956399242067,UNFCCC,GBR-CRT-2026-V1.0-2024.xlsx,true
GBR,2025,13.4,IEA,IEA AMM (Google Sheet),true
GEO,2022,0.492048,UNFCCC,GEO-CRT-2024-V1.0-2022-20241231-131945_awaiting submission.xlsx,false
GHA,2022,,UNFCCC,GHA-CRT-2024-V0.1-2022-20241225-110923_started.xlsx,false
GNB,2022,,UNFCCC,GNB-CRT-2024-V0.7-2022-20250101-134400_started.xlsx,false
GRC,1990,,UNFCCC,historic,true
GRC,1991,,UNFCCC,historic,true
GRC,1992,,UNFCCC,historic,true
GRC,1993,,UNFCCC,historic,true
GRC,1994,,UNFCCC,historic,true
GRC,1995,,UNFCCC,historic,true
GRC,1996,,UNFCCC,historic,true
GRC,1997,,UNFCCC,historic,true
GRC,1998,,UNFCCC,historic,true
GRC,1999,,UNFCCC,historic,true
GRC,2000,,UNFCCC,historic,true
GRC,2001,,UNFCCC,historic,true
GRC,2002,,UNFCCC,historic,true
GRC,2003,,UNFCCC,historic,true
GRC,2004,,UNFCCC,historic,true
GRC,2005,,UNFCCC,historic,true
GRC,2006,,UNFCCC,historic,true
GRC,2007,,UNFCCC,historic,true
GRC,2008,,UNFCCC,historic,true
GRC,2009,,UNFCCC,historic,true
GRC,2010,,UNFCCC,historic,true
GRC,2011,,UNFCCC,historic,true
GRC,2012,,UNFCCC,historic,true
GRC,2013,,UNFCCC,historic,true
GRC,2014,,UNFCCC,historic,true
GRC,2015,,UNFCCC,historic,true
GRC,2016,,UNFCCC,historic,true
GRC,2017,,UNFCCC,historic,true
GRC,2018,,UNFCCC,historic,true
GRC,2019,,UNFCCC,historic,true
GRC,2020,,UNFCCC,historic,true
GRC,2021,,UNFCCC,historic,true
GRC,2022,,UNFCCC,GRC-CRT-2025-V1.0-2022-20250408-170446_awaiting submission.xlsx,true
GRC,2023,,UNFCCC,GRC-CRT-2025-V1.0-2023-20250408-170446_awaiting submission.xlsx,true
GRC,2024,,UNFCCC,GRC-CRT-2026-V1.0-2024.xlsx,true
GTM,2022,,UNFCCC,GTM-CRT-2024-V0.3-2022-20250304-084824_started.xlsx,false
GUY,2022,,UNFCCC,GUY-CRT-2024-V0.3-2022-20240927-213052_started.xlsx,false
HRV,1990,,UNFCCC,historic,true
HRV,1991,,UNFCCC,historic,true
HRV,1992,,UNFCCC,historic,true
HRV,1993,,UNFCCC,historic,true
HRV,1994,,UNFCCC,historic,true
HRV,1995,,UNFCCC,historic,true
HRV,1996,,UNFCCC,historic,true
HRV,1997,,UNFCCC,historic,true
HRV,1998,,UNFCCC,historic,true
HRV,1999,,UNFCCC,historic,true
HRV,2000,,UNFCCC,historic,true
HRV,2001,,UNFCCC,historic,true
HRV,2002,,UNFCCC,historic,true
HRV,2003,,UNFCCC,historic,true
HRV,2004,,UNFCCC,historic,true
HRV,2005,,UNFCCC,historic,true
HRV,2006,,UNFCCC,historic,true
HRV,2007,,UNFCCC,historic,true
HRV,2008,,UNFCCC,historic,true
HRV,2009,,UNFCCC,historic,true
HRV,2010,,UNFCCC,historic,true
HRV,2011,,UNFCCC,historic,true
HRV,2012,,UNFCCC,historic,true
HRV,2013,,UNFCCC,historic,true
HRV,2014,,UNFCCC,historic,true
HRV,2015,,UNFCCC,historic,true
HRV,2016,,UNFCCC,historic,true
HRV,2017,,UNFCCC,historic,true
HRV,2018,,UNFCCC,historic,true
HRV,2019,,UNFCCC,historic,true
HRV,2020,,UNFCCC,historic,true
HRV,2021,,UNFCCC,historic,true
HRV,2022,,UNFCCC,HRV-CRT-2026-V1.0-2022.xlsx,true
HRV,2023,,UNFCCC,HRV-CRT-2026-V1.0-2023.xlsx,true
HRV,2024,,UNFCCC,HRV-CRT-2026-V1.0-2024.xlsx,true
HUN,1990,10.79169,UNFCCC,historic,true
HUN,1991,9.40144,UNFCCC,historic,true
HUN,1992,8.47081,UNFCCC,historic,true
HUN,1993,7.78205,UNFCCC,historic,true
HUN,1994,7.03701,UNFCCC,historic,true
HUN,1995,6.00119,UNFCCC,historic,true
HUN,1996,5.68562,UNFCCC,historic,true
HUN,1997,4.56404,UNFCCC,historic,true
HUN,1998,4.34897,UNFCCC,historic,true
HUN,1999,4.16003,UNFCCC,historic,true
HUN,2000,3.99856,UNFCCC,historic,true
HUN,2001,3.39288,UNFCCC,historic,true
HUN,2002,2.83209,UNFCCC,historic,true
HUN,2003,2.74231,UNFCCC,historic,true
HUN,2004,2.66526,UNFCCC,historic,true
HUN,2005,2.18487,UNFCCC,historic,true
HUN,2006,2.1306,UNFCCC,historic,true
HUN,2007,2.07566,UNFCCC,historic,true
HUN,2008,2.02809,UNFCCC,historic,true
HUN,2009,1.8157,UNFCCC,historic,true
HUN,2010,1.77215,UNFCCC,historic,true
HUN,2011,1.38824,UNFCCC,historic,true
HUN,2012,1.35876,UNFCCC,historic,true
HUN,2013,1.32928,UNFCCC,historic,true
HUN,2014,1.30516,UNFCCC,historic,true
HUN,2015,1.28104,UNFCCC,historic,true
HUN,2016,1.25692,UNFCCC,historic,true
HUN,2017,1.17652,UNFCCC,historic,true
HUN,2018,1.15776,UNFCCC,historic,true
HUN,2019,1.139,UNFCCC,historic,true
HUN,2020,1.12292,UNFCCC,historic,true
HUN,2021,1.10684,UNFCCC,historic,true
HUN,2022,1.09076,UNFCCC,HUN-CRT-2024-V1.0-2022-20250221-153240_awaiting submission.xlsx,true
HUN,2023,1.07736,UNFCCC,HUN-CRT-2025-V1.0-2023-20250610-201747_awaiting submission.xlsx,true
HUN,2024,1.06396,UNFCCC,HUN-CRT-2026-V1.0-2024.xlsx,true
IDN,2025,11.96,IEA,IEA AMM (Google Sheet),false
IND,2025,95.6,IEA,IEA AMM (Google Sheet),false
IRL,1990,2.0396877,UNFCCC,historic,true
IRL,1991,1.7900725,UNFCCC,historic,true
IRL,1992,1.6223849,UNFCCC,historic,true
IRL,1993,1.4977582,UNFCCC,historic,true
IRL,1994,1.402712,UNFCCC,historic,true
IRL,1995,1.3258898,UNFCCC,historic,true
IRL,1996,1.2608596,UNFCCC,historic,true
IRL,1997,1.2056583,UNFCCC,historic,true
IRL,1998,1.1584166,UNFCCC,historic,true
IRL,1999,1.1165349,UNFCCC,historic,true
IRL,2000,1.0808306,UNFCCC,historic,true
IRL,2001,1.0475249,UNFCCC,historic,true
IRL,2002,1.0169997,UNFCCC,historic,true
IRL,2003,0.9898714,UNFCCC,historic,true
IRL,2004,0.9659591,UNFCCC,historic,true
IRL,2005,0.9418659,UNFCCC,historic,true
IRL,2006,0.9218061,UNFCCC,historic,true
IRL,2007,0.9011098,UNFCCC,historic,true
IRL,2008,0.883194,UNFCCC,historic,true
IRL,2009,0.8663502,UNFCCC,historic,true
IRL,2010,0.8493255,UNFCCC,historic,true
IRL,2011,0.8346257,UNFCCC,historic,true
IRL,2012,0.8199259,UNFCCC,historic,true
IRL,2013,0.8058626,UNFCCC,historic,true
IRL,2014,0.7934877,UNFCCC,historic,true
IRL,2015,0.7815684,UNFCCC,historic,true
IRL,2016,0.7696491,UNFCCC,historic,true
IRL,2017,0.7345813,UNFCCC,historic,true
IRL,2018,0.724806,UNFCCC,historic,true
IRL,2019,0.7150307,UNFCCC,historic,true
IRL,2020,0.7065083,UNFCCC,historic,true
IRL,2021,0.697805,UNFCCC,historic,true
IRL,2022,0.6908102000000002,UNFCCC,IRL-CRT-2024-V1.0-2022-20241217-102401_awaiting submission.xlsx,true
IRL,2023,0.6822878000000002,UNFCCC,IRL-CRT-2025-V1.2-2023-20250314-111705_awaiting approval.xlsx,true
IRL,2024,0.6746565000000002,UNFCCC,IRL-CRT-2026-V1.0-2024.xlsx,true
IRN,2025,0.58,IEA,IEA AMM (Google Sheet),false
ISL,1990,,UNFCCC,historic,true
ISL,1991,,UNFCCC,historic,true
ISL,1992,,UNFCCC,historic,true
ISL,1993,,UNFCCC,historic,true
ISL,1994,,UNFCCC,historic,true
ISL,1995,,UNFCCC,historic,true
ISL,1996,,UNFCCC,historic,true
ISL,1997,,UNFCCC,historic,true
ISL,1998,,UNFCCC,historic,true
ISL,1999,,UNFCCC,historic,true
ISL,2000,,UNFCCC,historic,true
ISL,2001,,UNFCCC,historic,true
ISL,2002,,UNFCCC,historic,true
ISL,2003,,UNFCCC,historic,true
ISL,2004,,UNFCCC,historic,true
ISL,2005,,UNFCCC,historic,true
ISL,2006,,UNFCCC,historic,true
ISL,2007,,UNFCCC,historic,true
ISL,2008,,UNFCCC,historic,true
ISL,2009,,UNFCCC,historic,true
ISL,2010,,UNFCCC,historic,true
ISL,2011,,UNFCCC,historic,true
ISL,2012,,UNFCCC,historic,true
ISL,2013,,UNFCCC,historic,true
ISL,2014,,UNFCCC,historic,true
ISL,2015,,UNFCCC,historic,true
ISL,2016,,UNFCCC,historic,true
ISL,2017,,UNFCCC,historic,true
ISL,2018,,UNFCCC,historic,true
ISL,2019,,UNFCCC,historic,true
ISL,2020,,UNFCCC,historic,true
ISL,2021,,UNFCCC,historic,true
ISL,2022,,UNFCCC,ISL-CRT-2024-V1.0-2022-20241219-110923_awaiting submission.xlsx,true
ISL,2023,,UNFCCC,ISL-CRT-2025-V1.0-2023-20250408-150630_awaiting submission.xlsx,true
ISL,2024,,UNFCCC,ISL-CRT-2026-V2.0-2024.xlsx,true
ITA,1990,,UNFCCC,historic,true
ITA,1991,,UNFCCC,historic,true
ITA,1992,,UNFCCC,historic,true
ITA,1993,,UNFCCC,historic,true
ITA,1994,0.1206,UNFCCC,historic,true
ITA,1995,0.0628480298987,UNFCCC,historic,true
ITA,1996,0.04923608130986,UNFCCC,historic,true
ITA,1997,0.04223526333468,UNFCCC,historic,true
ITA,1998,0.03775635828297,UNFCCC,historic,true
ITA,1999,0.03456207098496,UNFCCC,historic,true
ITA,2000,,UNFCCC,historic,true
ITA,2001,,UNFCCC,historic,true
ITA,2002,,UNFCCC,historic,true
ITA,2003,,UNFCCC,historic,true
ITA,2004,,UNFCCC,historic,true
ITA,2005,,UNFCCC,historic,true
ITA,2006,,UNFCCC,historic,true
ITA,2007,,UNFCCC,historic,true
ITA,2008,,UNFCCC,historic,true
ITA,2009,,UNFCCC,historic,true
ITA,2010,,UNFCCC,historic,true
ITA,2011,,UNFCCC,historic,true
ITA,2012,,UNFCCC,historic,true
ITA,2013,,UNFCCC,historic,true
ITA,2014,,UNFCCC,historic,true
ITA,2015,,UNFCCC,historic,true
ITA,2016,0.97686,UNFCCC,historic,true
ITA,2017,0.50906904217943,UNFCCC,historic,true
ITA,2018,0.39881225860988,UNFCCC,historic,true
ITA,2019,0.34210563301091,UNFCCC,historic,true
ITA,2020,0.30582650209208,UNFCCC,historic,true
ITA,2021,0.27995277497817,UNFCCC,historic,true
ITA,2022,0.26024736,UNFCCC,ITA-CRT-2024-V1.0-2022-20241115-162239_awaiting submission.xlsx,true
ITA,2023,0.2445623044741805,UNFCCC,ITA-CRT-2025-V1.0-2023-20250404-160328_awaiting submission.xlsx,true
ITA,2024,0.23167441102521086,UNFCCC,ITA-CRT-2026-V1.0-2024.xlsx,true
JPN,1990,33.57812414916781,UNFCCC,historic,true
JPN,1991,32.21974832759993,UNFCCC,historic,true
JPN,1992,31.48064722022394,UNFCCC,historic,true
JPN,1993,30.28491851406792,UNFCCC,historic,true
JPN,1994,29.68634960089038,UNFCCC,historic,true
JPN,1995,29.08393087141851,UNFCCC,historic,true
JPN,1996,28.02391038345242,UNFCCC,historic,true
JPN,1997,27.08354505819172,UNFCCC,historic,true
JPN,1998,26.23055508614871,UNFCCC,historic,true
JPN,1999,25.44639089045386,UNFCCC,historic,true
JPN,2000,24.71906447972995,UNFCCC,historic,true
JPN,2001,24.04016298231122,UNFCCC,historic,true
JPN,2002,23.40341929790983,UNFCCC,historic,true
JPN,2003,22.80395368737523,UNFCCC,historic,true
JPN,2004,22.23783767597163,UNFCCC,historic,true
JPN,2005,21.70182651259929,UNFCCC,historic,true
JPN,2006,21.19318603236482,UNFCCC,historic,true
JPN,2007,20.7095754829522,UNFCCC,historic,true
JPN,2008,20.24896515932819,UNFCCC,historic,true
JPN,2009,19.80957659931006,UNFCCC,historic,true
JPN,2010,19.38983793437652,UNFCCC,historic,true
JPN,2011,18.98834974490064,UNFCCC,historic,true
JPN,2012,18.60385839996838,UNFCCC,historic,true
JPN,2013,18.23523486201323,UNFCCC,historic,true
JPN,2014,17.88145756911361,UNFCCC,historic,true
JPN,2015,17.5415984193095,UNFCCC,historic,true
JPN,2016,17.21481115581026,UNFCCC,historic,true
JPN,2017,16.90032163932971,UNFCCC,historic,true
JPN,2018,16.59741962436134,UNFCCC,historic,true
JPN,2019,16.30545174896036,UNFCCC,historic,true
JPN,2020,16.023815514652,UNFCCC,historic,true
JPN,2021,15.75195408234439,UNFCCC,historic,true
JPN,2022,15.489351746855593,UNFCCC,JPN-CRT-2024-V1.0-2022-20241203-155039_awaiting submission.xlsx,true
JPN,2023,15.235529980430709,UNFCCC,JPN-CRT-2025-V1.0-2023-20250424-195712_awaiting submission.xlsx,true
JPN,2024,14.990043956882754,UNFCCC,JPN-CRT-2026-V1.0-2024.xlsx,true
KAZ,1990,,UNFCCC,historic,true
KAZ,1991,,UNFCCC,historic,true
KAZ,1992,,UNFCCC,historic,true
KAZ,1993,,UNFCCC,historic,true
KAZ,1994,,UNFCCC,historic,true
KAZ,1995,,UNFCCC,historic,true
KAZ,1996,,UNFCCC,historic,true
KAZ,1997,4.93254,UNFCCC,historic,true
KAZ,1998,4.69134,UNFCCC,historic,true
KAZ,1999,4.48029,UNFCCC,historic,true
KAZ,2000,4.29939,UNFCCC,historic,true
KAZ,2001,5.97506,UNFCCC,historic,true
KAZ,2002,5.75731,UNFCCC,historic,true
KAZ,2003,5.56569,UNFCCC,historic,true
KAZ,2004,5.4002,UNFCCC,historic,true
KAZ,2005,5.23471,UNFCCC,historic,true
KAZ,2006,5.09535,UNFCCC,historic,true
KAZ,2007,4.95599,UNFCCC,historic,true
KAZ,2008,4.83405,UNFCCC,historic,true
KAZ,2009,4.72082,UNFCCC,historic,true
KAZ,2010,4.60759,UNFCCC,historic,true
KAZ,2011,4.51178,UNFCCC,historic,true
KAZ,2012,4.41597,UNFCCC,historic,true
KAZ,2013,4.32016,UNFCCC,historic,true
KAZ,2014,4.24177,UNFCCC,historic,true
KAZ,2015,4.16338,UNFCCC,historic,true
KAZ,2016,4.08499,UNFCCC,historic,true
KAZ,2017,4.02402,UNFCCC,historic,true
KAZ,2018,3.96305,UNFCCC,historic,true
KAZ,2019,3.92821,UNFCCC,historic,true
KAZ,2020,3.89337,UNFCCC,historic,true
KAZ,2021,3.84982,UNFCCC,historic,true
KAZ,2022,3.84982,UNFCCC,KAZ-CRT-2025-V1.0-2022-20250415-143602_awaiting submission.xlsx,true
KAZ,2023,3.8324,UNFCCC,KAZ-CRT-2025-V1.0-2023-20250415-143602_awaiting submission.xlsx,true
KAZ,2024,3.8324,UNFCCC,KAZ-CRT-2026-V1.0-2024.xlsx,true
KEN,2022,,UNFCCC,KEN-CRT-2024-V0.4-2022-20250130-151128_awaiting approval.xlsx,false
KOR,1990,147.25,UNFCCC,UNFCCC Non Annex (manual sheet),false
KOR,2000,127.64,UNFCCC,UNFCCC Non Annex (manual sheet),false
KOR,2010,97.43,UNFCCC,UNFCCC Non Annex (manual sheet),false
KOR,2018,79.61,UNFCCC,UNFCCC Non Annex (manual sheet),false
KOR,2021,76.04,UNFCCC,UNFCCC Non Annex (manual sheet),false
KOR,2022,75.07,UNFCCC,UNFCCC Non Annex (manual sheet),false
LBN,2022,,UNFCCC,LBN-CRT-2024-V0.2-2022-20241219-142232_started.xlsx,false
LIE,1990,,UNFCCC,historic,true
LIE,1991,,UNFCCC,historic,true
LIE,1992,,UNFCCC,historic,true
LIE,1993,,UNFCCC,historic,true
LIE,1994,,UNFCCC,historic,true
LIE,1995,,UNFCCC,historic,true
LIE,1996,,UNFCCC,historic,true
LIE,1997,,UNFCCC,historic,true
LIE,1998,,UNFCCC,historic,true
LIE,1999,,UNFCCC,historic,true
LIE,2000,,UNFCCC,historic,true
LIE,2001,,UNFCCC,historic,true
LIE,2002,,UNFCCC,historic,true
LIE,2003,,UNFCCC,historic,true
LIE,2004,,UNFCCC,historic,true
LIE,2005,,UNFCCC,historic,true
LIE,2006,,UNFCCC,historic,true
LIE,2007,,UNFCCC,historic,true
LIE,2008,,UNFCCC,historic,true
LIE,2009,,UNFCCC,historic,true
LIE,2010,,UNFCCC,historic,true
LIE,2011,,UNFCCC,historic,true
LIE,2012,,UNFCCC,historic,true
LIE,2013,,UNFCCC,historic,true
LIE,2014,,UNFCCC,historic,true
LIE,2015,,UNFCCC,historic,true
LIE,2016,,UNFCCC,historic,true
LIE,2017,,UNFCCC,historic,true
LIE,2018,,UNFCCC,historic,true
LIE,2019,,UNFCCC,historic,true
LIE,2020,,UNFCCC,historic,true
LIE,2021,,UNFCCC,historic,true
LIE,2022,,UNFCCC,LIE-CRT-2024-V1.0-2022-20250210-164414_submitted.xlsx,true
LIE,2023,,UNFCCC,LIE-CRT-2025-V1.0-2023-20250411-102030_awaiting submission.xlsx,true
LIE,2024,,UNFCCC,LIE-CRT-2026-V1.0-2024.xlsx,true
LTU,1990,,UNFCCC,historic,true
LTU,1991,,UNFCCC,historic,true
LTU,1992,,UNFCCC,historic,true
LTU,1993,,UNFCCC,historic,true
LTU,1994,,UNFCCC,historic,true
LTU,1995,,UNFCCC,historic,true
LTU,1996,,UNFCCC,historic,true
LTU,1997,,UNFCCC,historic,true
LTU,1998,,UNFCCC,historic,true
LTU,1999,,UNFCCC,historic,true
LTU,2000,,UNFCCC,historic,true
LTU,2001,,UNFCCC,historic,true
LTU,2002,,UNFCCC,historic,true
LTU,2003,,UNFCCC,historic,true
LTU,2004,,UNFCCC,historic,true
LTU,2005,,UNFCCC,historic,true
LTU,2006,,UNFCCC,historic,true
LTU,2007,,UNFCCC,historic,true
LTU,2008,,UNFCCC,historic,true
LTU,2009,,UNFCCC,historic,true
LTU,2010,,UNFCCC,historic,true
LTU,2011,,UNFCCC,historic,true
LTU,2012,,UNFCCC,historic,true
LTU,2013,,UNFCCC,historic,true
LTU,2014,,UNFCCC,historic,true
LTU,2015,,UNFCCC,historic,true
LTU,2016,,UNFCCC,historic,true
LTU,2017,,UNFCCC,historic,true
LTU,2018,,UNFCCC,historic,true
LTU,2019,,UNFCCC,historic,true
LTU,2020,,UNFCCC,historic,true
LTU,2021,,UNFCCC,historic,true
LTU,2022,,UNFCCC,LTU-CRT-2025-V1.0-2022-20250415-185318_awaiting submission.xlsx,true
LTU,2023,,UNFCCC,LTU-CRT-2025-V1.0-2023-20250415-185318_awaiting submission.xlsx,true
LTU,2024,,UNFCCC,LTU-CRT-2026-V1.0-2024.xlsx,true
LUX,1990,,UNFCCC,historic,true
LUX,1991,,UNFCCC,historic,true
LUX,1992,,UNFCCC,historic,true
LUX,1993,,UNFCCC,historic,true
LUX,1994,,UNFCCC,historic,true
LUX,1995,,UNFCCC,historic,true
LUX,1996,,UNFCCC,historic,true
LUX,1997,,UNFCCC,historic,true
LUX,1998,,UNFCCC,historic,true
LUX,1999,,UNFCCC,historic,true
LUX,2000,,UNFCCC,historic,true
LUX,2001,,UNFCCC,historic,true
LUX,2002,,UNFCCC,historic,true
LUX,2003,,UNFCCC,historic,true
LUX,2004,,UNFCCC,historic,true
LUX,2005,,UNFCCC,historic,true
LUX,2006,,UNFCCC,historic,true
LUX,2007,,UNFCCC,historic,true
LUX,2008,,UNFCCC,historic,true
LUX,2009,,UNFCCC,historic,true
LUX,2010,,UNFCCC,historic,true
LUX,2011,,UNFCCC,historic,true
LUX,2012,,UNFCCC,historic,true
LUX,2013,,UNFCCC,historic,true
LUX,2014,,UNFCCC,historic,true
LUX,2015,,UNFCCC,historic,true
LUX,2016,,UNFCCC,historic,true
LUX,2017,,UNFCCC,historic,true
LUX,2018,,UNFCCC,historic,true
LUX,2019,,UNFCCC,historic,true
LUX,2020,,UNFCCC,historic,true
LUX,2021,,UNFCCC,historic,true
LUX,2022,,UNFCCC,LUX-CRT-2024-V1.0-2022-20250116-080735_awaiting submission.xlsx,true
LUX,2023,,UNFCCC,LUX-CRT-2025-V1.0-2023-20250415-115925_awaiting submission.xlsx,true
LUX,2024,,UNFCCC,LUX-CRT-2026-V1.0-2024.xlsx,true
LVA,1990,,UNFCCC,historic,true
LVA,1991,,UNFCCC,historic,true
LVA,1992,,UNFCCC,historic,true
LVA,1993,,UNFCCC,historic,true
LVA,1994,,UNFCCC,historic,true
LVA,1995,,UNFCCC,historic,true
LVA,1996,,UNFCCC,historic,true
LVA,1997,,UNFCCC,historic,true
LVA,1998,,UNFCCC,historic,true
LVA,1999,,UNFCCC,historic,true
LVA,2000,,UNFCCC,historic,true
LVA,2001,,UNFCCC,historic,true
LVA,2002,,UNFCCC,historic,true
LVA,2003,,UNFCCC,historic,true
LVA,2004,,UNFCCC,historic,true
LVA,2005,,UNFCCC,historic,true
LVA,2006,,UNFCCC,historic,true
LVA,2007,,UNFCCC,historic,true
LVA,2008,,UNFCCC,historic,true
LVA,2009,,UNFCCC,historic,true
LVA,2010,,UNFCCC,historic,true
LVA,2011,,UNFCCC,historic,true
LVA,2012,,UNFCCC,historic,true
LVA,2013,,UNFCCC,historic,true
LVA,2014,,UNFCCC,historic,true
LVA,2015,,UNFCCC,historic,true
LVA,2016,,UNFCCC,historic,true
LVA,2017,,UNFCCC,historic,true
LVA,2018,,UNFCCC,historic,true
LVA,2019,,UNFCCC,historic,true
LVA,2020,,UNFCCC,historic,true
LVA,2021,,UNFCCC,historic,true
LVA,2022,,UNFCCC,LVA-CRT-2026-V1.0-2022.xlsx,true
LVA,2023,,UNFCCC,LVA-CRT-2026-V1.0-2023.xlsx,true
LVA,2024,,UNFCCC,LVA-CRT-2026-V1.0-2024.xlsx,true
MAR,2010,0.35443,UNFCCC,UNFCCC Non Annex (manual sheet),false
MAR,2012,0.33969,UNFCCC,UNFCCC Non Annex (manual sheet),false
MAR,2014,0.32629,UNFCCC,UNFCCC Non Annex (manual sheet),false
MAR,2016,0.314,UNFCCC,UNFCCC Non Annex (manual sheet),false
MAR,2018,0.302,UNFCCC,UNFCCC Non Annex (manual sheet),false
MCO,1990,,UNFCCC,historic,true
MCO,1991,,UNFCCC,historic,true
MCO,1992,,UNFCCC,historic,true
MCO,1993,,UNFCCC,historic,true
MCO,1994,,UNFCCC,historic,true
MCO,1995,,UNFCCC,historic,true
MCO,1996,,UNFCCC,historic,true
MCO,1997,,UNFCCC,historic,true
MCO,1998,,UNFCCC,historic,true
MCO,1999,,UNFCCC,historic,true
MCO,2000,,UNFCCC,historic,true
MCO,2001,,UNFCCC,historic,true
MCO,2002,,UNFCCC,historic,true
MCO,2003,,UNFCCC,historic,true
MCO,2004,,UNFCCC,historic,true
MCO,2005,,UNFCCC,historic,true
MCO,2006,,UNFCCC,historic,true
MCO,2007,,UNFCCC,historic,true
MCO,2008,,UNFCCC,historic,true
MCO,2009,,UNFCCC,historic,true
MCO,2010,,UNFCCC,historic,true
MCO,2011,,UNFCCC,historic,true
MCO,2012,,UNFCCC,historic,true
MCO,2013,,UNFCCC,historic,true
MCO,2014,,UNFCCC,historic,true
MCO,2015,,UNFCCC,historic,true
MCO,2016,,UNFCCC,historic,true
MCO,2017,,UNFCCC,historic,true
MCO,2018,,UNFCCC,historic,true
MCO,2019,,UNFCCC,historic,true
MCO,2020,,UNFCCC,historic,true
MCO,2021,,UNFCCC,historic,true
MCO,2022,,UNFCCC,MCO-CRT-2025-V1.0-2022-20250414-162808_awaiting submission.xlsx,true
MCO,2023,,UNFCCC,MCO-CRT-2025-V1.0-2023-20250414-162808_awaiting submission.xlsx,true
MCO,2024,,UNFCCC,MCO-CRT-2026-V1.0-2024.xlsx,true
MDA,2022,,UNFCCC,MDA-CRT-2024-V1.0-2022-20250407-094136_awaiting submission.xlsx,false
MEX,2022,,UNFCCC,MEX-CRT-2024-V1.2-2022-20250902-121844_started.xlsx,false
MEX,2025,0.34,IEA,IEA AMM (Google Sheet),false
MLT,1990,,UNFCCC,historic,true
MLT,1991,,UNFCCC,historic,true
MLT,1992,,UNFCCC,historic,true
MLT,1993,,UNFCCC,historic,true
MLT,1994,,UNFCCC,historic,true
MLT,1995,,UNFCCC,historic,true
MLT,1996,,UNFCCC,historic,true
MLT,1997,,UNFCCC,historic,true
MLT,1998,,UNFCCC,historic,true
MLT,1999,,UNFCCC,historic,true
MLT,2000,,UNFCCC,historic,true
MLT,2001,,UNFCCC,historic,true
MLT,2002,,UNFCCC,historic,true
MLT,2003,,UNFCCC,historic,true
MLT,2004,,UNFCCC,historic,true
MLT,2005,,UNFCCC,historic,true
MLT,2006,,UNFCCC,historic,true
MLT,2007,,UNFCCC,historic,true
MLT,2008,,UNFCCC,historic,true
MLT,2009,,UNFCCC,historic,true
MLT,2010,,UNFCCC,historic,true
MLT,2011,,UNFCCC,historic,true
MLT,2012,,UNFCCC,historic,true
MLT,2013,,UNFCCC,historic,true
MLT,2014,,UNFCCC,historic,true
MLT,2015,,UNFCCC,historic,true
MLT,2016,,UNFCCC,historic,true
MLT,2017,,UNFCCC,historic,true
MLT,2018,,UNFCCC,historic,true
MLT,2019,,UNFCCC,historic,true
MLT,2020,,UNFCCC,historic,true
MLT,2021,,UNFCCC,historic,true
MLT,2022,,UNFCCC,MLT-CRT-2024-V0.1-2022-20240913-160338_started.xlsx,true
MLT,2023,,UNFCCC,MLT-CRT-2025-V0.5-2023-20250220-144216_started.xlsx,true
MLT,2024,,UNFCCC,MLT-CRT-2026-V0.3-2024-20260312-105307_started.xlsx,true
MNG,2022,,UNFCCC,MNG-CRT-2024-V1.7-2022-20250418-100941_started.xlsx,false
MOZ,2025,1.21,IEA,IEA AMM (Google Sheet),false
MUS,2022,,UNFCCC,MUS-CRT-2024-V0.1-2022-20241224-103202_started.xlsx,false
NAM,2022,,UNFCCC,NAM-CRT-2024-V0.1-2022-20241107-111227_started.xlsx,false
NLD,1990,,UNFCCC,historic,true
NLD,1991,,UNFCCC,historic,true
NLD,1992,,UNFCCC,historic,true
NLD,1993,,UNFCCC,historic,true
NLD,1994,,UNFCCC,historic,true
NLD,1995,,UNFCCC,historic,true
NLD,1996,,UNFCCC,historic,true
NLD,1997,,UNFCCC,historic,true
NLD,1998,,UNFCCC,historic,true
NLD,1999,,UNFCCC,historic,true
NLD,2000,,UNFCCC,historic,true
NLD,2001,,UNFCCC,historic,true
NLD,2002,,UNFCCC,historic,true
NLD,2003,,UNFCCC,historic,true
NLD,2004,,UNFCCC,historic,true
NLD,2005,,UNFCCC,historic,true
NLD,2006,,UNFCCC,historic,true
NLD,2007,,UNFCCC,historic,true
NLD,2008,,UNFCCC,historic,true
NLD,2009,,UNFCCC,historic,true
NLD,2010,,UNFCCC,historic,true
NLD,2011,,UNFCCC,historic,true
NLD,2012,,UNFCCC,historic,true
NLD,2013,,UNFCCC,historic,true
NLD,2014,,UNFCCC,historic,true
NLD,2015,,UNFCCC,historic,true
NLD,2016,,UNFCCC,historic,true
NLD,2017,,UNFCCC,historic,true
NLD,2018,,UNFCCC,historic,true
NLD,2019,,UNFCCC,historic,true
NLD,2020,,UNFCCC,historic,true
NLD,2021,,UNFCCC,historic,true
NLD,2022,,UNFCCC,NLD-CRT-2025-V0.9-2022.xlsx,true
NLD,2023,,UNFCCC,NLD-CRT-2025-V0.9-2023.xlsx,true
NLD,2024,,UNFCCC,NLD-CRT-2026-V1.0-2024.xlsx,true
NOR,1990,3.84714,UNFCCC,historic,true
NOR,1991,3.51884,UNFCCC,historic,true
NOR,1992,3.29372,UNFCCC,historic,true
NOR,1993,3.12287,UNFCCC,historic,true
NOR,1994,2.99021,UNFCCC,historic,true
NOR,1995,2.88234,UNFCCC,historic,true
NOR,1996,2.7872,UNFCCC,historic,true
NOR,1997,2.70479,UNFCCC,historic,true
NOR,1998,2.63511,UNFCCC,historic,true
NOR,1999,2.57012,UNFCCC,historic,true
NOR,2000,2.51652,UNFCCC,historic,true
NOR,2001,2.46225,UNFCCC,historic,true
NOR,2002,2.41468,UNFCCC,historic,true
NOR,2003,2.36979,UNFCCC,historic,true
NOR,2004,2.33093,UNFCCC,historic,true
NOR,2005,2.28939,UNFCCC,historic,true
NOR,2006,2.25656,UNFCCC,historic,true
NOR,2007,2.21971,UNFCCC,historic,true
NOR,2008,2.18956,UNFCCC,historic,true
NOR,2009,2.16075,UNFCCC,historic,true
NOR,2010,2.12926,UNFCCC,historic,true
NOR,2011,2.10313,UNFCCC,historic,true
NOR,2012,2.077,UNFCCC,historic,true
NOR,2013,2.05288,UNFCCC,historic,true
NOR,2014,2.02809,UNFCCC,historic,true
NOR,2015,2.00665,UNFCCC,historic,true
NOR,2016,1.98521,UNFCCC,historic,true
NOR,2017,1.9631,UNFCCC,historic,true
NOR,2018,1.94099,UNFCCC,historic,true
NOR,2019,1.92223,UNFCCC,historic,true
NOR,2020,1.90414,UNFCCC,historic,true
NOR,2021,1.88538,UNFCCC,historic,true
NOR,2022,1.86863,UNFCCC,NOR-CRT-2025-V1.0-2022-20250314-104902_awaiting submission.xlsx,true
NOR,2023,1.85188,UNFCCC,NOR-CRT-2025-V1.0-2023-20250314-104902_awaiting submission.xlsx,true
NPL,2022,,UNFCCC,NPL-CRT-2024-V1.0-2022-20250605-154236_awaiting submission.xlsx,false
NZL,1990,,UNFCCC,historic,true
NZL,1991,,UNFCCC,historic,true
NZL,1992,,UNFCCC,historic,true
NZL,1993,,UNFCCC,historic,true
NZL,1994,,UNFCCC,historic,true
NZL,1995,,UNFCCC,historic,true
NZL,1996,,UNFCCC,historic,true
NZL,1997,,UNFCCC,historic,true
NZL,1998,,UNFCCC,historic,true
NZL,1999,,UNFCCC,historic,true
NZL,2000,,UNFCCC,historic,true
NZL,2001,,UNFCCC,historic,true
NZL,2002,,UNFCCC,historic,true
NZL,2003,,UNFCCC,historic,true
NZL,2004,,UNFCCC,historic,true
NZL,2005,,UNFCCC,historic,true
NZL,2006,,UNFCCC,historic,true
NZL,2007,,UNFCCC,historic,true
NZL,2008,,UNFCCC,historic,true
NZL,2009,,UNFCCC,historic,true
NZL,2010,,UNFCCC,historic,true
NZL,2011,,UNFCCC,historic,true
NZL,2012,0.731447221248,UNFCCC,historic,true
NZL,2013,2.95881560162624,UNFCCC,historic,true
NZL,2014,2.06150603692474,UNFCCC,historic,true
NZL,2015,0.95625812736,UNFCCC,historic,true
NZL,2016,1.10878098990545,UNFCCC,historic,true
NZL,2017,,UNFCCC,historic,true
NZL,2018,,UNFCCC,historic,true
NZL,2019,,UNFCCC,historic,true
NZL,2020,,UNFCCC,historic,true
NZL,2021,,UNFCCC,historic,true
NZL,2022,,UNFCCC,NZL-CRT-2024-V1.1-2022-20241203-174908_awaiting approval.xlsx,true
NZL,2023,,UNFCCC,NZL-CRT-2025-V1.1-2023-20250709-122114_approved.xlsx,true
NZL,2024,,UNFCCC,NZL-CRT-2026-V1.0-2024.xlsx,true
NZL,2025,19.43,IEA,IEA AMM (Google Sheet),true
OMN,2022,,UNFCCC,OMN-CRT-2025-V0.4-2022-20251101-094413_started.xlsx,false
POL,1990,,UNFCCC,historic,true
POL,1991,,UNFCCC,historic,true
POL,1992,,UNFCCC,historic,true
POL,1993,,UNFCCC,historic,true
POL,1994,,UNFCCC,historic,true
POL,1995,0.61707,UNFCCC,historic,true
POL,1996,1.1591,UNFCCC,historic,true
POL,1997,1.64418,UNFCCC,historic,true
POL,1998,2.08504,UNFCCC,historic,true
POL,1999,1.99124,UNFCCC,historic,true
POL,2000,4.7771,UNFCCC,historic,true
POL,2001,103.74615,UNFCCC,historic,true
POL,2002,51.39168,UNFCCC,historic,true
POL,2003,37.77728,UNFCCC,historic,true
POL,2004,32.14794,UNFCCC,historic,true
POL,2005,27.96915,UNFCCC,historic,true
POL,2006,25.05063,UNFCCC,historic,true
POL,2007,22.88385,UNFCCC,historic,true
POL,2008,21.20349,UNFCCC,historic,true
POL,2009,19.81056,UNFCCC,historic,true
POL,2010,18.68295,UNFCCC,historic,true
POL,2011,17.71011,UNFCCC,historic,true
POL,2012,16.86993,UNFCCC,historic,true
POL,2013,16.1403,UNFCCC,historic,true
POL,2014,15.49911,UNFCCC,historic,true
POL,2015,17.1855,UNFCCC,historic,true
POL,2016,18.34728,UNFCCC,historic,true
POL,2017,19.22096,UNFCCC,historic,true
POL,2018,21.40516,UNFCCC,historic,true
POL,2019,21.40516,UNFCCC,historic,true
POL,2020,21.40516,UNFCCC,historic,true
POL,2021,21.40516,UNFCCC,historic,true
POL,2022,21.842000000000002,UNFCCC,POL-CRT-2025-V1.0-2022-20250414-090023_awaiting submission.xlsx,true
POL,2023,23.152520000000003,UNFCCC,POL-CRT-2025-V1.0-2023-20250414-090023_awaiting submission.xlsx,true
POL,2024,14.11288,UNFCCC,POL-CRT-2026-V2.0-2024.xlsx,true
POL,2025,79.98,IEA,IEA AMM (Google Sheet),true
PRT,1990,0.44521165,UNFCCC,historic,true
PRT,1991,0.437443,UNFCCC,historic,true
PRT,1992,0.4303008,UNFCCC,historic,true
PRT,1993,0.81118575,UNFCCC,historic,true
PRT,1994,0.7746339,UNFCCC,historic,true
PRT,1995,1.07745045,UNFCCC,historic,true
PRT,1996,1.0307682,UNFCCC,historic,true
PRT,1997,0.9907759,UNFCCC,historic,true
PRT,1998,0.95647525,UNFCCC,historic,true
PRT,1999,0.9257926,UNFCCC,historic,true
PRT,2000,0.8997095,UNFCCC,historic,true
PRT,2001,0.87481565,UNFCCC,historic,true
PRT,2002,0.852173,UNFCCC,historic,true
PRT,2003,0.8318787,UNFCCC,historic,true
PRT,2004,0.8137552,UNFCCC,historic,true
PRT,2005,0.79545415,UNFCCC,historic,true
PRT,2006,0.78030545,UNFCCC,historic,true
PRT,2007,0.76435275,UNFCCC,historic,true
PRT,2008,0.75065125,UNFCCC,historic,true
PRT,2009,0.73767335,UNFCCC,historic,true
PRT,2010,0.7245179,UNFCCC,historic,true
PRT,2011,0.7129872,UNFCCC,historic,true
PRT,2012,0.7014565,UNFCCC,historic,true
PRT,2013,0.6907298,UNFCCC,historic,true
PRT,2014,0.68082385,UNFCCC,historic,true
PRT,2015,0.67154435,UNFCCC,historic,true
PRT,2016,0.66226485,UNFCCC,historic,true
PRT,2017,0.63698575,UNFCCC,historic,true
PRT,2018,0.62915345,UNFCCC,historic,true
PRT,2019,0.62132115,UNFCCC,historic,true
PRT,2020,0.61439,UNFCCC,historic,true
PRT,2021,0.6072813,UNFCCC,historic,true
PRT,2022,0.6017002,UNFCCC,PRT-CRT-2026-V1.0-2022.xlsx,true
PRT,2023,0.59476905,UNFCCC,PRT-CRT-2026-V1.0-2023.xlsx,true
PRT,2024,0.58838395,UNFCCC,PRT-CRT-2026-V1.0-2024.xlsx,true
ROU,1990,30.96670936923131,UNFCCC,historic,true
ROU,1991,46.76885033221009,UNFCCC,historic,true
ROU,1992,63.05778857894982,UNFCCC,historic,true
ROU,1993,52.474157201125,UNFCCC,historic,true
ROU,1994,65.12377270683903,UNFCCC,historic,true
ROU,1995,94.04175959638621,UNFCCC,historic,true
ROU,1996,89.70592048971788,UNFCCC,historic,true
ROU,1997,375.6861661637419,UNFCCC,historic,true
ROU,1998,381.9218225262142,UNFCCC,historic,true
ROU,1999,389.59936404260185,UNFCCC,historic,true
ROU,2000,320.29587465693515,UNFCCC,historic,true
ROU,2001,283.73113696199414,UNFCCC,historic,true
ROU,2002,330.5093727769342,UNFCCC,historic,true
ROU,2003,359.55289125368836,UNFCCC,historic,true
ROU,2004,344.6463050382079,UNFCCC,historic,true
ROU,2005,359.54105249360026,UNFCCC,historic,true
ROU,2006,333.63902513385545,UNFCCC,historic,true
ROU,2007,295.5641655360971,UNFCCC,historic,true
ROU,2008,282.79790042302267,UNFCCC,historic,true
ROU,2009,271.82908294886505,UNFCCC,historic,true
ROU,2010,255.65206124531738,UNFCCC,historic,true
ROU,2011,244.49322554578464,UNFCCC,historic,true
ROU,2012,235.28247734475667,UNFCCC,historic,true
ROU,2013,227.36107389257091,UNFCCC,historic,true
ROU,2014,220.3978452118922,UNFCCC,historic,true
ROU,2015,221.5075998807694,UNFCCC,historic,true
ROU,2016,212.3997914088034,UNFCCC,historic,true
ROU,2017,206.47759747462428,UNFCCC,historic,true
ROU,2018,201.38416078434665,UNFCCC,historic,true
ROU,2019,211.45241986217854,UNFCCC,historic,true
ROU,2020,200.26140679311757,UNFCCC,historic,true
ROU,2021,194.7532394592328,UNFCCC,historic,true
ROU,2022,190.32253024508,UNFCCC,ROU-CRT-2025-V1.8-2022-20250227-141057_started.xlsx,true
ROU,2023,186.43627999325565,UNFCCC,ROU-CRT-2025-V1.8-2023-20250227-141057_started.xlsx,true
ROU,2024,37.4041732814562,UNFCCC,ROU-CRT-2026-V1.0-2024.xlsx,true
RUS,1990,,UNFCCC,historic,true
RUS,1991,,UNFCCC,historic,true
RUS,1992,,UNFCCC,historic,true
RUS,1993,,UNFCCC,historic,true
RUS,1994,,UNFCCC,historic,true
RUS,1995,,UNFCCC,historic,true
RUS,1996,,UNFCCC,historic,true
RUS,1997,,UNFCCC,historic,true
RUS,1998,,UNFCCC,historic,true
RUS,1999,,UNFCCC,historic,true
RUS,2000,,UNFCCC,historic,true
RUS,2001,,UNFCCC,historic,true
RUS,2002,,UNFCCC,historic,true
RUS,2003,,UNFCCC,historic,true
RUS,2004,,UNFCCC,historic,true
RUS,2005,,UNFCCC,historic,true
RUS,2006,,UNFCCC,historic,true
RUS,2007,,UNFCCC,historic,true
RUS,2008,,UNFCCC,historic,true
RUS,2009,,UNFCCC,historic,true
RUS,2010,,UNFCCC,historic,true
RUS,2011,,UNFCCC,historic,true
RUS,2012,,UNFCCC,historic,true
RUS,2013,,UNFCCC,historic,true
RUS,2014,,UNFCCC,historic,true
RUS,2015,,UNFCCC,historic,true
RUS,2016,,UNFCCC,historic,true
RUS,2017,,UNFCCC,historic,true
RUS,2018,,UNFCCC,historic,true
RUS,2019,,UNFCCC,historic,true
RUS,2020,,UNFCCC,historic,true
RUS,2021,,UNFCCC,historic,true
RUS,2022,,UNFCCC,RUS-CRT-2024-V1.0-2022-20241220-120706_awaiting submission.xlsx,true
RUS,2023,,UNFCCC,RUS-CRT-2025-V1.0-2023-20250419-003747_awaiting submission.xlsx,true
RUS,2024,,UNFCCC,RUS-CRT-2026-V1.0-2024.xlsx,true
RUS,2025,379.34,IEA,IEA AMM (Google Sheet),true
RWA,2022,,UNFCCC,RWA-CRT-2024-V0.5-2022-20250620-064550_started.xlsx,false
SGP,2022,,UNFCCC,SGP-CRT-2024-V0.3-2022-20241108-153202_started.xlsx,false
SRB,1990,8.36696e-8,UNFCCC,UNFCCC Non Annex (manual sheet),false
SRB,1991,7.15024e-8,UNFCCC,UNFCCC Non Annex (manual sheet),false
SRB,1992,6.34088e-8,UNFCCC,UNFCCC Non Annex (manual sheet),false
SRB,1993,5.74592e-8,UNFCCC,UNFCCC Non Annex (manual sheet),false
SRB,1994,5.29568e-8,UNFCCC,UNFCCC Non Annex (manual sheet),false
SRB,1995,4.93656e-8,UNFCCC,UNFCCC Non Annex (manual sheet),false
SRB,1996,4.6364e-8,UNFCCC,UNFCCC Non Annex (manual sheet),false
SRB,1997,4.38448e-8,UNFCCC,UNFCCC Non Annex (manual sheet),false
SRB,1998,4.17008e-8,UNFCCC,UNFCCC Non Annex (manual sheet),false
SRB,1999,3.98248e-8,UNFCCC,UNFCCC Non Annex (manual sheet),false
SRB,2000,3.82168e-8,UNFCCC,UNFCCC Non Annex (manual sheet),false
SRB,2001,7.284106e-7,UNFCCC,UNFCCC Non Annex (manual sheet),false
SRB,2002,3.245078e-7,UNFCCC,UNFCCC Non Annex (manual sheet),false
SRB,2003,2.467476e-7,UNFCCC,UNFCCC Non Annex (manual sheet),false
SRB,2004,2.085844e-7,UNFCCC,UNFCCC Non Annex (manual sheet),false
SRB,2005,1.847726e-7,UNFCCC,UNFCCC Non Annex (manual sheet),false
SRB,2006,1.679958e-7,UNFCCC,UNFCCC Non Annex (manual sheet),false
SRB,2007,1.553194e-7,UNFCCC,UNFCCC Non Annex (manual sheet),false
SRB,2008,1.454034e-7,UNFCCC,UNFCCC Non Annex (manual sheet),false
SRB,2009,1.371088e-7,UNFCCC,UNFCCC Non Annex (manual sheet),false
SRB,2010,1.302614e-7,UNFCCC,UNFCCC Non Annex (manual sheet),false
SRB,2011,1.243654e-7,UNFCCC,UNFCCC Non Annex (manual sheet),false
SRB,2012,1.19193e-7,UNFCCC,UNFCCC Non Annex (manual sheet),false
SRB,2013,1.146236e-7,UNFCCC,UNFCCC Non Annex (manual sheet),false
SRB,2014,1.106438e-7,UNFCCC,UNFCCC Non Annex (manual sheet),false
SRB,2015,1e-7,UNFCCC,UNFCCC Non Annex (manual sheet),false
SRB,2016,1e-7,UNFCCC,UNFCCC Non Annex (manual sheet),false
SRB,2017,1e-7,UNFCCC,UNFCCC Non Annex (manual sheet),false
SRB,2018,1e-7,UNFCCC,UNFCCC Non Annex (manual sheet),false
SRB,2019,1.106438e-7,UNFCCC,UNFCCC Non Annex (manual sheet),false
SRB,2020,1.268109e-7,UNFCCC,UNFCCC Non Annex (manual sheet),false
SRB,2021,1.268109e-7,UNFCCC,UNFCCC Non Annex (manual sheet),false
SRB,2022,1e-7,UNFCCC,SRB-CRT-2025-V0.1-2022-20250327-084846_started.xlsx,false
SRB,2022,1e-7,UNFCCC,UNFCCC Non Annex (manual sheet),false
SRB,2023,9.56961e-8,UNFCCC,SRB-CRT-2025-V0.1-2023-20250327-084852_started.xlsx,false
SRB,2023,9.56961e-8,UNFCCC,UNFCCC Non Annex (manual sheet),false
SVK,1990,,UNFCCC,historic,true
SVK,1991,,UNFCCC,historic,true
SVK,1992,,UNFCCC,historic,true
SVK,1993,,UNFCCC,historic,true
SVK,1994,,UNFCCC,historic,true
SVK,1995,,UNFCCC,historic,true
SVK,1996,,UNFCCC,historic,true
SVK,1997,,UNFCCC,historic,true
SVK,1998,,UNFCCC,historic,true
SVK,1999,,UNFCCC,historic,true
SVK,2000,,UNFCCC,historic,true
SVK,2001,,UNFCCC,historic,true
SVK,2002,,UNFCCC,historic,true
SVK,2003,,UNFCCC,historic,true
SVK,2004,,UNFCCC,historic,true
SVK,2005,,UNFCCC,historic,true
SVK,2006,,UNFCCC,historic,true
SVK,2007,,UNFCCC,historic,true
SVK,2008,,UNFCCC,historic,true
SVK,2009,,UNFCCC,historic,true
SVK,2010,,UNFCCC,historic,true
SVK,2011,,UNFCCC,historic,true
SVK,2012,,UNFCCC,historic,true
SVK,2013,,UNFCCC,historic,true
SVK,2014,,UNFCCC,historic,true
SVK,2015,0.2638125,UNFCCC,historic,true
SVK,2016,0.437,UNFCCC,historic,true
SVK,2017,0.498,UNFCCC,historic,true
SVK,2018,0.837,UNFCCC,historic,true
SVK,2019,0.713087228,UNFCCC,historic,true
SVK,2020,0.6874439781971,UNFCCC,historic,true
SVK,2021,0.77455978031985,UNFCCC,historic,true
SVK,2022,4.4606925,UNFCCC,SVK-CRT-2025-V1.0-2022-20250411-143132_awaiting submission.xlsx,true
SVK,2023,3.6308975,UNFCCC,SVK-CRT-2025-V1.0-2023-20250411-143132_awaiting submission.xlsx,true
SVK,2024,7.161295,UNFCCC,SVK-CRT-2026-V2.0-2024.xlsx,true
SVN,1990,0.01448876196587,UNFCCC,historic,true
SVN,1991,0.01291004186288,UNFCCC,historic,true
SVN,1992,0.01175484787171,UNFCCC,historic,true
SVN,1993,0.01086178447697,UNFCCC,historic,true
SVN,1994,0.01014327997855,UNFCCC,historic,true
SVN,1995,0.00954759022717,UNFCCC,historic,true
SVN,1996,0.09565626835154,UNFCCC,historic,true
SVN,1997,0.08003372510487,UNFCCC,historic,true
SVN,1998,0.37608189727492,UNFCCC,historic,true
SVN,1999,0.31401270326763,UNFCCC,historic,true
SVN,2000,0.26985398897281,UNFCCC,historic,true
SVN,2001,0.23678417455352,UNFCCC,historic,true
SVN,2002,0.21106720570784,UNFCCC,historic,true
SVN,2003,0.19048144871292,UNFCCC,historic,true
SVN,2004,0.17362128643806,UNFCCC,historic,true
SVN,2005,0.15955316994839,UNFCCC,historic,true
SVN,2006,0.14763237950263,UNFCCC,historic,true
SVN,2007,0.13739911725849,UNFCCC,historic,true
SVN,2008,0.12851651231582,UNFCCC,historic,true
SVN,2009,0.12073203478971,UNFCCC,historic,true
SVN,2010,0.11385260577152,UNFCCC,historic,true
SVN,2011,0.10772804235927,UNFCCC,historic,true
SVN,2012,0.10223975008546,UNFCCC,historic,true
SVN,2013,0.09729281767336,UNFCCC,historic,true
SVN,2014,0.26761352523853,UNFCCC,historic,true
SVN,2015,0.232885340226,UNFCCC,historic,true
SVN,2016,0.20765009712622,UNFCCC,historic,true
SVN,2017,0.18830377232651,UNFCCC,historic,true
SVN,2018,0.172885640521,UNFCCC,historic,true
SVN,2019,0.16023377236362,UNFCCC,historic,true
SVN,2020,0.14961347168944,UNFCCC,historic,true
SVN,2021,0.14053588918152,UNFCCC,historic,true
SVN,2022,0.13266208984817,UNFCCC,SVN-CRT-2025-V1.1-2022-20250414-111326_started.xlsx,true
SVN,2023,0.12574897013113998,UNFCCC,SVN-CRT-2025-V1.1-2023-20250414-111326_started.xlsx,true
SVN,2024,0.11961713346313868,UNFCCC,SVN-CRT-2026-V1.0-2024.xlsx,true
SWE,1990,,UNFCCC,historic,true
SWE,1991,,UNFCCC,historic,true
SWE,1992,,UNFCCC,historic,true
SWE,1993,,UNFCCC,historic,true
SWE,1994,,UNFCCC,historic,true
SWE,1995,,UNFCCC,historic,true
SWE,1996,,UNFCCC,historic,true
SWE,1997,,UNFCCC,historic,true
SWE,1998,,UNFCCC,historic,true
SWE,1999,,UNFCCC,historic,true
SWE,2000,,UNFCCC,historic,true
SWE,2001,,UNFCCC,historic,true
SWE,2002,,UNFCCC,historic,true
SWE,2003,,UNFCCC,historic,true
SWE,2004,,UNFCCC,historic,true
SWE,2005,,UNFCCC,historic,true
SWE,2006,,UNFCCC,historic,true
SWE,2007,,UNFCCC,historic,true
SWE,2008,,UNFCCC,historic,true
SWE,2009,,UNFCCC,historic,true
SWE,2010,,UNFCCC,historic,true
SWE,2011,,UNFCCC,historic,true
SWE,2012,,UNFCCC,historic,true
SWE,2013,,UNFCCC,historic,true
SWE,2014,,UNFCCC,historic,true
SWE,2015,,UNFCCC,historic,true
SWE,2016,,UNFCCC,historic,true
SWE,2017,,UNFCCC,historic,true
SWE,2018,,UNFCCC,historic,true
SWE,2019,,UNFCCC,historic,true
SWE,2020,,UNFCCC,historic,true
SWE,2021,,UNFCCC,historic,true
SWE,2022,,UNFCCC,SWE-CRT-2024-V1.3-2022-20250310-143309_started.xlsx,true
SWE,2023,,UNFCCC,SWE-CRT-2026-V0.2-2023-20260112-142137_started.xlsx,true
SWE,2024,,UNFCCC,SWE-CRT-2026-V0.2-2024-20260112-142137_started.xlsx,true
SWZ,2022,,UNFCCC,SWZ-CRT-2024-V0.5-2022-20241221-223528_started.xlsx,false
THA,2022,,UNFCCC,THA-CRT-2025-V0.5-2022-20250611-173334_started.xlsx,false
TJK,2022,,UNFCCC,TJK-CRT-2024-V0.2-2022-20241225-123348_started.xlsx,false
TUR,1990,11.52735,UNFCCC,historic,true
TUR,1991,8.0535104259215,UNFCCC,historic,true
TUR,1992,6.558911062484,UNFCCC,historic,true
TUR,1993,5.59146352288565,UNFCCC,historic,true
TUR,1994,4.89762298794319,UNFCCC,historic,true
TUR,1995,8.21380619664785,UNFCCC,historic,true
TUR,1996,10.82484444631314,UNFCCC,historic,true
TUR,1997,9.14176214370298,UNFCCC,historic,true
TUR,1998,7.96121279795085,UNFCCC,historic,true
TUR,1999,7.07934821438842,UNFCCC,historic,true
TUR,2000,10.23390186973885,UNFCCC,historic,true
TUR,2001,8.86314995855879,UNFCCC,historic,true
TUR,2002,15.56074216046249,UNFCCC,historic,true
TUR,2003,13.17062505105136,UNFCCC,historic,true
TUR,2004,15.34857412907495,UNFCCC,historic,true
TUR,2005,13.29128688624876,UNFCCC,historic,true
TUR,2006,11.79306728681164,UNFCCC,historic,true
TUR,2007,10.64035828255699,UNFCCC,historic,true
TUR,2008,9.71932744211177,UNFCCC,historic,true
TUR,2009,8.96273127259281,UNFCCC,historic,true
TUR,2010,8.32785530792509,UNFCCC,historic,true
TUR,2011,11.62850280938134,UNFCCC,historic,true
TUR,2012,14.18528407094125,UNFCCC,historic,true
TUR,2013,20.11259096703947,UNFCCC,historic,true
TUR,2014,17.21364027028399,UNFCCC,historic,true
TUR,2015,15.18198448132688,UNFCCC,historic,true
TUR,2016,17.50237933829986,UNFCCC,historic,true
TUR,2017,15.4918427499374,UNFCCC,historic,true
TUR,2018,13.99367612860068,UNFCCC,historic,true
TUR,2019,12.81692269693336,UNFCCC,historic,true
TUR,2020,11.85913408261755,UNFCCC,historic,true
TUR,2021,11.05917950393602,UNFCCC,historic,true
TUR,2022,10.37778216423021,UNFCCC,TUR-CRT-2025-V2.0-2022-20250603-165137_awaiting submission.xlsx,true
TUR,2023,9.788291621212014,UNFCCC,TUR-CRT-2025-V2.0-2023-20250603-165137_awaiting submission.xlsx,true
TUR,2024,9.271848861105143,UNFCCC,TUR-CRT-2026-V1.0-2024.xlsx,true
UKR,1990,6.0,UNFCCC,historic,true
UKR,1991,5.67,UNFCCC,historic,true
UKR,1992,5.05,UNFCCC,historic,true
UKR,1993,5.05,UNFCCC,historic,true
UKR,1994,5.3,UNFCCC,historic,true
UKR,1995,3.05,UNFCCC,historic,true
UKR,1996,3.05,UNFCCC,historic,true
UKR,1997,3.48,UNFCCC,historic,true
UKR,1998,4.56,UNFCCC,historic,true
UKR,1999,5.44,UNFCCC,historic,true
UKR,2000,5.54,UNFCCC,historic,true
UKR,2001,6.46,UNFCCC,historic,true
UKR,2002,5.7,UNFCCC,historic,true
UKR,2003,4.96,UNFCCC,historic,true
UKR,2004,3.31,UNFCCC,historic,true
UKR,2005,3.28,UNFCCC,historic,true
UKR,2006,2.22,UNFCCC,historic,true
UKR,2007,2.04,UNFCCC,historic,true
UKR,2008,1.97,UNFCCC,historic,true
UKR,2009,1.97,UNFCCC,historic,true
UKR,2010,1.97,UNFCCC,historic,true
UKR,2011,1.97,UNFCCC,historic,true
UKR,2012,1.943,UNFCCC,historic,true
UKR,2013,1.98656266882766,UNFCCC,historic,true
UKR,2014,2.49663108755273,UNFCCC,historic,true
UKR,2015,3.24900153007526,UNFCCC,historic,true
UKR,2016,2.81061239821558,UNFCCC,historic,true
UKR,2017,3.6048113591139,UNFCCC,historic,true
UKR,2018,3.57097322568531,UNFCCC,historic,true
UKR,2019,3.69922486428231,UNFCCC,historic,true
UKR,2020,4.30547939,UNFCCC,historic,true
UKR,2021,4.21107133499969,UNFCCC,historic,true
UKR,2022,4.21107133499969,UNFCCC,UKR-CRT-2025-V1.0-2022-20250402-101025_awaiting submission.xlsx,true
UKR,2023,4.211071335,UNFCCC,UKR-CRT-2025-V1.0-2023-20250402-101025_awaiting submission.xlsx,true
UKR,2024,4.211071,UNFCCC,UKR-CRT-2026-V2.0-2024.xlsx,true
UKR,2025,171.83,IEA,IEA AMM (Google Sheet),true
URY,2022,,UNFCCC,URY-CRT-2024-V0.3-2022-20241231-095653_started.xlsx,false
USA,1990,287.7575331754011,UNFCCC,historic,true
USA,1991,293.55872806764125,UNFCCC,historic,true
USA,1992,316.73398201113224,UNFCCC,historic,true
USA,1993,327.7759099401013,UNFCCC,historic,true
USA,1994,387.4293626856185,UNFCCC,historic,true
USA,1995,392.2414271681979,UNFCCC,historic,true
USA,1996,403.38472410007506,UNFCCC,historic,true
USA,1997,359.7959630977832,UNFCCC,historic,true
USA,1998,329.4022426378536,UNFCCC,historic,true
USA,1999,332.4582450260973,UNFCCC,historic,true
USA,2000,350.1604529958976,UNFCCC,historic,true
USA,2001,318.9069118661043,UNFCCC,historic,true
USA,2002,293.2916084050769,UNFCCC,historic,true
USA,2003,286.3484482194102,UNFCCC,historic,true
USA,2004,275.9587604244911,UNFCCC,historic,true
USA,2005,263.63841104755306,UNFCCC,historic,true
USA,2006,260.7947595385297,UNFCCC,historic,true
USA,2007,253.81340613624545,UNFCCC,historic,true
USA,2008,252.82749215153797,UNFCCC,historic,true
USA,2009,254.380047379673,UNFCCC,historic,true
USA,2010,263.0866435546311,UNFCCC,historic,true
USA,2011,257.3417696115252,UNFCCC,historic,true
USA,2012,248.5707262957185,UNFCCC,historic,true
USA,2013,248.81481327401244,UNFCCC,historic,true
USA,2014,253.02042160204928,UNFCCC,historic,true
USA,2015,256.11254270911576,UNFCCC,historic,true
USA,2016,268.01947805319617,UNFCCC,historic,true
USA,2017,257.41163960632497,UNFCCC,historic,true
USA,2018,247.48483935209262,UNFCCC,historic,true
USA,2019,236.87963859638919,UNFCCC,historic,true
USA,2020,231.90787040083546,UNFCCC,historic,true
USA,2021,227.5878690085398,UNFCCC,historic,true
USA,2022,224.9736955817543,UNFCCC,USA-CRT-2024-V0.5-2022-20241218-112924_started.xlsx,true
USA,2025,389.85,IEA,IEA AMM (Google Sheet),true
UZB,2022,,UNFCCC,UZB-CRT-2024-V0.5-2022-20241230-141505_started.xlsx,false
VAT,2022,,UNFCCC,VAT-CRT-2024-V0.2-2022-20241218-150748_awaiting approval.xlsx,false
VEN,2025,0.21,IEA,IEA AMM (Google Sheet),false
VNM,2025,18.62,IEA,IEA AMM (Google Sheet),false
ZAF,2022,,UNFCCC,ZAF-CRT-2024-V0.3-2022-20250429-155928_awaiting approval.xlsx,false
ZWE,2022,,UNFCCC,ZWE-CRT-2024-V0.1-2022-20250211-160026_started.xlsx,false
