party,year,value,unit,category_as_named,gas,source
AUS,1990,18.7839064991014,kt,1.B.1.a.i.3  Abandoned Underground Mines,CH4,Zenodo data package (mirror of the DI)
AUS,1991,14.917756426991,kt,1.B.1.a.i.3  Abandoned Underground Mines,CH4,Zenodo data package (mirror of the DI)
AUS,1992,33.2887133176758,kt,1.B.1.a.i.3  Abandoned Underground Mines,CH4,Zenodo data package (mirror of the DI)
AUS,1993,55.7915100947233,kt,1.B.1.a.i.3  Abandoned Underground Mines,CH4,Zenodo data package (mirror of the DI)
AUS,1994,50.9350639031635,kt,1.B.1.a.i.3  Abandoned Underground Mines,CH4,Zenodo data package (mirror of the DI)
AUS,1995,40.4780121414054,kt,1.B.1.a.i.3  Abandoned Underground Mines,CH4,Zenodo data package (mirror of the DI)
AUS,1996,39.4854671020537,kt,1.B.1.a.i.3  Abandoned Underground Mines,CH4,Zenodo data package (mirror of the DI)
AUS,1997,32.8945477185562,kt,1.B.1.a.i.3  Abandoned Underground Mines,CH4,Zenodo data package (mirror of the DI)
AUS,1998,27.5274524210329,kt,1.B.1.a.i.3  Abandoned Underground Mines,CH4,Zenodo data package (mirror of the DI)
AUS,1999,25.9042292141079,kt,1.B.1.a.i.3  Abandoned Underground Mines,CH4,Zenodo data package (mirror of the DI)
AUS,2000,38.7530028497167,kt,1.B.1.a.i.3  Abandoned Underground Mines,CH4,Zenodo data package (mirror of the DI)
AUS,2001,44.9436159060135,kt,1.B.1.a.i.3  Abandoned Underground Mines,CH4,Zenodo data package (mirror of the DI)
AUS,2002,57.3478742086838,kt,1.B.1.a.i.3  Abandoned Underground Mines,CH4,Zenodo data package (mirror of the DI)
AUS,2003,91.4619517220179,kt,1.B.1.a.i.3  Abandoned Underground Mines,CH4,Zenodo data package (mirror of the DI)
AUS,2004,69.0874545580729,kt,1.B.1.a.i.3  Abandoned Underground Mines,CH4,Zenodo data package (mirror of the DI)
AUS,2005,69.7888109608365,kt,1.B.1.a.i.3  Abandoned Underground Mines,CH4,Zenodo data package (mirror of the DI)
AUS,2006,56.494429335041,kt,1.B.1.a.i.3  Abandoned Underground Mines,CH4,Zenodo data package (mirror of the DI)
AUS,2007,57.9824919964446,kt,1.B.1.a.i.3  Abandoned Underground Mines,CH4,Zenodo data package (mirror of the DI)
AUS,2008,66.3018068682815,kt,1.B.1.a.i.3  Abandoned Underground Mines,CH4,Zenodo data package (mirror of the DI)
AUS,2009,58.4348295589591,kt,1.B.1.a.i.3  Abandoned Underground Mines,CH4,Zenodo data package (mirror of the DI)
AUS,2010,47.4265829340018,kt,1.B.1.a.i.3  Abandoned Underground Mines,CH4,Zenodo data package (mirror of the DI)
AUS,2011,29.5730146255819,kt,1.B.1.a.i.3  Abandoned Underground Mines,CH4,Zenodo data package (mirror of the DI)
AUS,2012,25.0532964803989,kt,1.B.1.a.i.3  Abandoned Underground Mines,CH4,Zenodo data package (mirror of the DI)
AUS,2013,41.6925269959595,kt,1.B.1.a.i.3  Abandoned Underground Mines,CH4,Zenodo data package (mirror of the DI)
AUS,2014,34.7575095198171,kt,1.B.1.a.i.3  Abandoned Underground Mines,CH4,Zenodo data package (mirror of the DI)
AUS,2015,28.2869871663452,kt,1.B.1.a.i.3  Abandoned Underground Mines,CH4,Zenodo data package (mirror of the DI)
AUS,2016,24.4330147233364,kt,1.B.1.a.i.3  Abandoned Underground Mines,CH4,Zenodo data package (mirror of the DI)
AUS,2017,44.305091123444,kt,1.B.1.a.i.3  Abandoned Underground Mines,CH4,Zenodo data package (mirror of the DI)
AUS,2018,41.0377733621316,kt,1.B.1.a.i.3  Abandoned Underground Mines,CH4,Zenodo data package (mirror of the DI)
AUS,2019,34.9927238195939,kt,1.B.1.a.i.3  Abandoned Underground Mines,CH4,Zenodo data package (mirror of the DI)
AUS,2020,29.4103815076599,kt,1.B.1.a.i.3  Abandoned Underground Mines,CH4,Zenodo data package (mirror of the DI)
BEL,1990,1.6013,kt,1.B.1.a.i.3  Abandoned Underground Mines,CH4,Zenodo data package (mirror of the DI)
BEL,1991,1.57115,kt,1.B.1.a.i.3  Abandoned Underground Mines,CH4,Zenodo data package (mirror of the DI)
BEL,1992,2.33696,kt,1.B.1.a.i.3  Abandoned Underground Mines,CH4,Zenodo data package (mirror of the DI)
BEL,1993,2.5393,kt,1.B.1.a.i.3  Abandoned Underground Mines,CH4,Zenodo data package (mirror of the DI)
BEL,1994,2.45488,kt,1.B.1.a.i.3  Abandoned Underground Mines,CH4,Zenodo data package (mirror of the DI)
BEL,1995,2.38185,kt,1.B.1.a.i.3  Abandoned Underground Mines,CH4,Zenodo data package (mirror of the DI)
BEL,1996,2.31619,kt,1.B.1.a.i.3  Abandoned Underground Mines,CH4,Zenodo data package (mirror of the DI)
BEL,1997,2.25656,kt,1.B.1.a.i.3  Abandoned Underground Mines,CH4,Zenodo data package (mirror of the DI)
BEL,1998,2.20564,kt,1.B.1.a.i.3  Abandoned Underground Mines,CH4,Zenodo data package (mirror of the DI)
BEL,1999,2.15807,kt,1.B.1.a.i.3  Abandoned Underground Mines,CH4,Zenodo data package (mirror of the DI)
BEL,2000,2.11787,kt,1.B.1.a.i.3  Abandoned Underground Mines,CH4,Zenodo data package (mirror of the DI)
BEL,2001,2.07566,kt,1.B.1.a.i.3  Abandoned Underground Mines,CH4,Zenodo data package (mirror of the DI)
BEL,2002,2.03881,kt,1.B.1.a.i.3  Abandoned Underground Mines,CH4,Zenodo data package (mirror of the DI)
BEL,2003,2.00397,kt,1.B.1.a.i.3  Abandoned Underground Mines,CH4,Zenodo data package (mirror of the DI)
BEL,2004,1.97114,kt,1.B.1.a.i.3  Abandoned Underground Mines,CH4,Zenodo data package (mirror of the DI)
BEL,2005,1.93831,kt,1.B.1.a.i.3  Abandoned Underground Mines,CH4,Zenodo data package (mirror of the DI)
BEL,2006,1.91151,kt,1.B.1.a.i.3  Abandoned Underground Mines,CH4,Zenodo data package (mirror of the DI)
BEL,2007,1.88069,kt,1.B.1.a.i.3  Abandoned Underground Mines,CH4,Zenodo data package (mirror of the DI)
BEL,2008,1.85523,kt,1.B.1.a.i.3  Abandoned Underground Mines,CH4,Zenodo data package (mirror of the DI)
BEL,2009,1.83044,kt,1.B.1.a.i.3  Abandoned Underground Mines,CH4,Zenodo data package (mirror of the DI)
BEL,2010,1.80565,kt,1.B.1.a.i.3  Abandoned Underground Mines,CH4,Zenodo data package (mirror of the DI)
BEL,2011,1.7822,kt,1.B.1.a.i.3  Abandoned Underground Mines,CH4,Zenodo data package (mirror of the DI)
BEL,2012,1.75875,kt,1.B.1.a.i.3  Abandoned Underground Mines,CH4,Zenodo data package (mirror of the DI)
BEL,2013,1.73932,kt,1.B.1.a.i.3  Abandoned Underground Mines,CH4,Zenodo data package (mirror of the DI)
BEL,2014,1.71721,kt,1.B.1.a.i.3  Abandoned Underground Mines,CH4,Zenodo data package (mirror of the DI)
BEL,2015,1.69912,kt,1.B.1.a.i.3  Abandoned Underground Mines,CH4,Zenodo data package (mirror of the DI)
BEL,2016,1.68103,kt,1.B.1.a.i.3  Abandoned Underground Mines,CH4,Zenodo data package (mirror of the DI)
BEL,2017,1.64485,kt,1.B.1.a.i.3  Abandoned Underground Mines,CH4,Zenodo data package (mirror of the DI)
BEL,2018,1.6281,kt,1.B.1.a.i.3  Abandoned Underground Mines,CH4,Zenodo data package (mirror of the DI)
BEL,2019,1.61135,kt,1.B.1.a.i.3  Abandoned Underground Mines,CH4,Zenodo data package (mirror of the DI)
BEL,2020,1.59527,kt,1.B.1.a.i.3  Abandoned Underground Mines,CH4,Zenodo data package (mirror of the DI)
BEL,2021,1.57919,kt,1.B.1.a.i.3  Abandoned Underground Mines,CH4,Zenodo data package (mirror of the DI)
BGR,1990,0.14754961555158,kt,1.B.1.a.i.3  Abandoned Underground Mines,CH4,Zenodo data package (mirror of the DI)
BGR,1991,0.13585595509225,kt,1.B.1.a.i.3  Abandoned Underground Mines,CH4,Zenodo data package (mirror of the DI)
BGR,1992,0.12644582349928,kt,1.B.1.a.i.3  Abandoned Underground Mines,CH4,Zenodo data package (mirror of the DI)
BGR,1993,0.11865456228304,kt,1.B.1.a.i.3  Abandoned Underground Mines,CH4,Zenodo data package (mirror of the DI)
BGR,1994,0.11206004276252,kt,1.B.1.a.i.3  Abandoned Underground Mines,CH4,Zenodo data package (mirror of the DI)
BGR,1995,0.10638009034874,kt,1.B.1.a.i.3  Abandoned Underground Mines,CH4,Zenodo data package (mirror of the DI)
BGR,1996,0.10141813857185,kt,1.B.1.a.i.3  Abandoned Underground Mines,CH4,Zenodo data package (mirror of the DI)
BGR,1997,0.09703252852046,kt,1.B.1.a.i.3  Abandoned Underground Mines,CH4,Zenodo data package (mirror of the DI)
BGR,1998,0.09311823135084,kt,1.B.1.a.i.3  Abandoned Underground Mines,CH4,Zenodo data package (mirror of the DI)
BGR,1999,0.18802067649248,kt,1.B.1.a.i.3  Abandoned Underground Mines,CH4,Zenodo data package (mirror of the DI)
BGR,2000,0.1675712596424,kt,1.B.1.a.i.3  Abandoned Underground Mines,CH4,Zenodo data package (mirror of the DI)
BGR,2001,0.15255103769027,kt,1.B.1.a.i.3  Abandoned Underground Mines,CH4,Zenodo data package (mirror of the DI)
BGR,2002,9.5891049832007,kt,1.B.1.a.i.3  Abandoned Underground Mines,CH4,Zenodo data package (mirror of the DI)
BGR,2003,11.72717619656961,kt,1.B.1.a.i.3  Abandoned Underground Mines,CH4,Zenodo data package (mirror of the DI)
BGR,2004,9.89019787583287,kt,1.B.1.a.i.3  Abandoned Underground Mines,CH4,Zenodo data package (mirror of the DI)
BGR,2005,8.65419324649488,kt,1.B.1.a.i.3  Abandoned Underground Mines,CH4,Zenodo data package (mirror of the DI)
BGR,2006,7.61475022621639,kt,1.B.1.a.i.3  Abandoned Underground Mines,CH4,Zenodo data package (mirror of the DI)
BGR,2007,6.90227659942566,kt,1.B.1.a.i.3  Abandoned Underground Mines,CH4,Zenodo data package (mirror of the DI)
BGR,2008,6.23269978962149,kt,1.B.1.a.i.3  Abandoned Underground Mines,CH4,Zenodo data package (mirror of the DI)
BGR,2009,5.68386236736645,kt,1.B.1.a.i.3  Abandoned Underground Mines,CH4,Zenodo data package (mirror of the DI)
BGR,2010,5.22528177745251,kt,1.B.1.a.i.3  Abandoned Underground Mines,CH4,Zenodo data package (mirror of the DI)
BGR,2011,4.83613001052912,kt,1.B.1.a.i.3  Abandoned Underground Mines,CH4,Zenodo data package (mirror of the DI)
BGR,2012,4.50161049479894,kt,1.B.1.a.i.3  Abandoned Underground Mines,CH4,Zenodo data package (mirror of the DI)
BGR,2013,4.21089092115187,kt,1.B.1.a.i.3  Abandoned Underground Mines,CH4,Zenodo data package (mirror of the DI)
BGR,2014,3.95584535250886,kt,1.B.1.a.i.3  Abandoned Underground Mines,CH4,Zenodo data package (mirror of the DI)
BGR,2015,5.10915674250384,kt,1.B.1.a.i.3  Abandoned Underground Mines,CH4,Zenodo data package (mirror of the DI)
BGR,2016,7.44810091450905,kt,1.B.1.a.i.3  Abandoned Underground Mines,CH4,Zenodo data package (mirror of the DI)
BGR,2017,10.33141216758788,kt,1.B.1.a.i.3  Abandoned Underground Mines,CH4,Zenodo data package (mirror of the DI)
BGR,2018,9.07012784509914,kt,1.B.1.a.i.3  Abandoned Underground Mines,CH4,Zenodo data package (mirror of the DI)
BGR,2019,8.1371958232114,kt,1.B.1.a.i.3  Abandoned Underground Mines,CH4,Zenodo data package (mirror of the DI)
BGR,2020,7.41217766264418,kt,1.B.1.a.i.3  Abandoned Underground Mines,CH4,Zenodo data package (mirror of the DI)
BGR,2021,6.82830187663427,kt,1.B.1.a.i.3  Abandoned Underground Mines,CH4,Zenodo data package (mirror of the DI)
CAN,1990,7.67632647936784,kt,1.B.1.a.i.3  Abandoned Underground Mines,CH4,Zenodo data package (mirror of the DI)
CAN,1991,7.30924135869187,kt,1.B.1.a.i.3  Abandoned Underground Mines,CH4,Zenodo data package (mirror of the DI)
CAN,1992,7.00366170315375,kt,1.B.1.a.i.3  Abandoned Underground Mines,CH4,Zenodo data package (mirror of the DI)
CAN,1993,20.6678000179459,kt,1.B.1.a.i.3  Abandoned Underground Mines,CH4,Zenodo data package (mirror of the DI)
CAN,1994,17.4259936674194,kt,1.B.1.a.i.3  Abandoned Underground Mines,CH4,Zenodo data package (mirror of the DI)
CAN,1995,15.9438758858626,kt,1.B.1.a.i.3  Abandoned Underground Mines,CH4,Zenodo data package (mirror of the DI)
CAN,1996,14.7163156313958,kt,1.B.1.a.i.3  Abandoned Underground Mines,CH4,Zenodo data package (mirror of the DI)
CAN,1997,13.9412053086924,kt,1.B.1.a.i.3  Abandoned Underground Mines,CH4,Zenodo data package (mirror of the DI)
CAN,1998,13.228647414168,kt,1.B.1.a.i.3  Abandoned Underground Mines,CH4,Zenodo data package (mirror of the DI)
CAN,1999,12.637500803084,kt,1.B.1.a.i.3  Abandoned Underground Mines,CH4,Zenodo data package (mirror of the DI)
CAN,2000,21.8897456134046,kt,1.B.1.a.i.3  Abandoned Underground Mines,CH4,Zenodo data package (mirror of the DI)
CAN,2001,20.3801811554525,kt,1.B.1.a.i.3  Abandoned Underground Mines,CH4,Zenodo data package (mirror of the DI)
CAN,2002,20.1706650828291,kt,1.B.1.a.i.3  Abandoned Underground Mines,CH4,Zenodo data package (mirror of the DI)
CAN,2003,18.7118595597118,kt,1.B.1.a.i.3  Abandoned Underground Mines,CH4,Zenodo data package (mirror of the DI)
CAN,2004,17.6693950471579,kt,1.B.1.a.i.3  Abandoned Underground Mines,CH4,Zenodo data package (mirror of the DI)
CAN,2005,6.67361512748708,kt,1.B.1.a.i.3  Abandoned Underground Mines,CH4,Zenodo data package (mirror of the DI)
CAN,2006,6.45731108712094,kt,1.B.1.a.i.3  Abandoned Underground Mines,CH4,Zenodo data package (mirror of the DI)
CAN,2007,6.29874859346445,kt,1.B.1.a.i.3  Abandoned Underground Mines,CH4,Zenodo data package (mirror of the DI)
CAN,2008,6.13430216663162,kt,1.B.1.a.i.3  Abandoned Underground Mines,CH4,Zenodo data package (mirror of the DI)
CAN,2009,5.99058948069905,kt,1.B.1.a.i.3  Abandoned Underground Mines,CH4,Zenodo data package (mirror of the DI)
CAN,2010,5.86209640927809,kt,1.B.1.a.i.3  Abandoned Underground Mines,CH4,Zenodo data package (mirror of the DI)
CAN,2011,5.74567060045856,kt,1.B.1.a.i.3  Abandoned Underground Mines,CH4,Zenodo data package (mirror of the DI)
CAN,2012,5.63912500669121,kt,1.B.1.a.i.3  Abandoned Underground Mines,CH4,Zenodo data package (mirror of the DI)
CAN,2013,5.540859204836,kt,1.B.1.a.i.3  Abandoned Underground Mines,CH4,Zenodo data package (mirror of the DI)
CAN,2014,2.26135985549134,kt,1.B.1.a.i.3  Abandoned Underground Mines,CH4,Zenodo data package (mirror of the DI)
CAN,2015,2.22899716317084,kt,1.B.1.a.i.3  Abandoned Underground Mines,CH4,Zenodo data package (mirror of the DI)
CAN,2016,2.89473458815351,kt,1.B.1.a.i.3  Abandoned Underground Mines,CH4,Zenodo data package (mirror of the DI)
CAN,2017,3.04810878352439,kt,1.B.1.a.i.3  Abandoned Underground Mines,CH4,Zenodo data package (mirror of the DI)
CAN,2018,2.62689415418064,kt,1.B.1.a.i.3  Abandoned Underground Mines,CH4,Zenodo data package (mirror of the DI)
CAN,2019,2.54135306055017,kt,1.B.1.a.i.3  Abandoned Underground Mines,CH4,Zenodo data package (mirror of the DI)
CAN,2020,2.47165101478691,kt,1.B.1.a.i.3  Abandoned Underground Mines,CH4,Zenodo data package (mirror of the DI)
CAN,2021,2.41283796880035,kt,1.B.1.a.i.3  Abandoned Underground Mines,CH4,Zenodo data package (mirror of the DI)
CZE,1990,2.86157,kt,1.B.1.a.i.3  Abandoned Underground Mines,CH4,Zenodo data package (mirror of the DI)
CZE,1991,4.599885,kt,1.B.1.a.i.3  Abandoned Underground Mines,CH4,Zenodo data package (mirror of the DI)
CZE,1992,6.729815,kt,1.B.1.a.i.3  Abandoned Underground Mines,CH4,Zenodo data package (mirror of the DI)
CZE,1993,9.904945,kt,1.B.1.a.i.3  Abandoned Underground Mines,CH4,Zenodo data package (mirror of the DI)
CZE,1994,11.95079,kt,1.B.1.a.i.3  Abandoned Underground Mines,CH4,Zenodo data package (mirror of the DI)
CZE,1995,13.134345,kt,1.B.1.a.i.3  Abandoned Underground Mines,CH4,Zenodo data package (mirror of the DI)
CZE,1996,13.03686,kt,1.B.1.a.i.3  Abandoned Underground Mines,CH4,Zenodo data package (mirror of the DI)
CZE,1997,12.432185,kt,1.B.1.a.i.3  Abandoned Underground Mines,CH4,Zenodo data package (mirror of the DI)
CZE,1998,11.915615,kt,1.B.1.a.i.3  Abandoned Underground Mines,CH4,Zenodo data package (mirror of the DI)
CZE,1999,11.957155,kt,1.B.1.a.i.3  Abandoned Underground Mines,CH4,Zenodo data package (mirror of the DI)
CZE,2000,12.02516,kt,1.B.1.a.i.3  Abandoned Underground Mines,CH4,Zenodo data package (mirror of the DI)
CZE,2001,11.62919,kt,1.B.1.a.i.3  Abandoned Underground Mines,CH4,Zenodo data package (mirror of the DI)
CZE,2002,11.265045,kt,1.B.1.a.i.3  Abandoned Underground Mines,CH4,Zenodo data package (mirror of the DI)
CZE,2003,12.12298,kt,1.B.1.a.i.3  Abandoned Underground Mines,CH4,Zenodo data package (mirror of the DI)
CZE,2004,11.634215,kt,1.B.1.a.i.3  Abandoned Underground Mines,CH4,Zenodo data package (mirror of the DI)
CZE,2005,10.662648,kt,1.B.1.a.i.3  Abandoned Underground Mines,CH4,Zenodo data package (mirror of the DI)
CZE,2006,10.0808535,kt,1.B.1.a.i.3  Abandoned Underground Mines,CH4,Zenodo data package (mirror of the DI)
CZE,2007,8.472284,kt,1.B.1.a.i.3  Abandoned Underground Mines,CH4,Zenodo data package (mirror of the DI)
CZE,2008,7.74679125,kt,1.B.1.a.i.3  Abandoned Underground Mines,CH4,Zenodo data package (mirror of the DI)
CZE,2009,5.6452525,kt,1.B.1.a.i.3  Abandoned Underground Mines,CH4,Zenodo data package (mirror of the DI)
CZE,2010,4.39587,kt,1.B.1.a.i.3  Abandoned Underground Mines,CH4,Zenodo data package (mirror of the DI)
CZE,2011,3.2193165,kt,1.B.1.a.i.3  Abandoned Underground Mines,CH4,Zenodo data package (mirror of the DI)
CZE,2012,3.1453485,kt,1.B.1.a.i.3  Abandoned Underground Mines,CH4,Zenodo data package (mirror of the DI)
CZE,2013,3.075903,kt,1.B.1.a.i.3  Abandoned Underground Mines,CH4,Zenodo data package (mirror of the DI)
CZE,2014,3.015804,kt,1.B.1.a.i.3  Abandoned Underground Mines,CH4,Zenodo data package (mirror of the DI)
CZE,2015,2.9586195,kt,1.B.1.a.i.3  Abandoned Underground Mines,CH4,Zenodo data package (mirror of the DI)
CZE,2016,3.034296,kt,1.B.1.a.i.3  Abandoned Underground Mines,CH4,Zenodo data package (mirror of the DI)
CZE,2017,3.2964,kt,1.B.1.a.i.3  Abandoned Underground Mines,CH4,Zenodo data package (mirror of the DI)
CZE,2018,3.2964,kt,1.B.1.a.i.3  Abandoned Underground Mines,CH4,Zenodo data package (mirror of the DI)
CZE,2019,3.2964,kt,1.B.1.a.i.3  Abandoned Underground Mines,CH4,Zenodo data package (mirror of the DI)
CZE,2020,3.558504,kt,1.B.1.a.i.3  Abandoned Underground Mines,CH4,Zenodo data package (mirror of the DI)
CZE,2021,3.689556,kt,1.B.1.a.i.3  Abandoned Underground Mines,CH4,Zenodo data package (mirror of the DI)
DEU,1990,142.86228872,kt,1.B.1.a.i.3  Abandoned Underground Mines,CH4,Zenodo data package (mirror of the DI)
DEU,1991,140.72567604,kt,1.B.1.a.i.3  Abandoned Underground Mines,CH4,Zenodo data package (mirror of the DI)
DEU,1992,155.18305539,kt,1.B.1.a.i.3  Abandoned Underground Mines,CH4,Zenodo data package (mirror of the DI)
DEU,1993,154.05678534,kt,1.B.1.a.i.3  Abandoned Underground Mines,CH4,Zenodo data package (mirror of the DI)
DEU,1994,151.61994971,kt,1.B.1.a.i.3  Abandoned Underground Mines,CH4,Zenodo data package (mirror of the DI)
DEU,1995,173.93632089,kt,1.B.1.a.i.3  Abandoned Underground Mines,CH4,Zenodo data package (mirror of the DI)
DEU,1996,171.43203706,kt,1.B.1.a.i.3  Abandoned Underground Mines,CH4,Zenodo data package (mirror of the DI)
DEU,1997,168.94875345,kt,1.B.1.a.i.3  Abandoned Underground Mines,CH4,Zenodo data package (mirror of the DI)
DEU,1998,173.82039776,kt,1.B.1.a.i.3  Abandoned Underground Mines,CH4,Zenodo data package (mirror of the DI)
DEU,1999,171.03363386,kt,1.B.1.a.i.3  Abandoned Underground Mines,CH4,Zenodo data package (mirror of the DI)
DEU,2000,201.44328738,kt,1.B.1.a.i.3  Abandoned Underground Mines,CH4,Zenodo data package (mirror of the DI)
DEU,2001,168.35126373,kt,1.B.1.a.i.3  Abandoned Underground Mines,CH4,Zenodo data package (mirror of the DI)
DEU,2002,132.19891773,kt,1.B.1.a.i.3  Abandoned Underground Mines,CH4,Zenodo data package (mirror of the DI)
DEU,2003,98.56483778,kt,1.B.1.a.i.3  Abandoned Underground Mines,CH4,Zenodo data package (mirror of the DI)
DEU,2004,65.2128751,kt,1.B.1.a.i.3  Abandoned Underground Mines,CH4,Zenodo data package (mirror of the DI)
DEU,2005,32.11862947,kt,1.B.1.a.i.3  Abandoned Underground Mines,CH4,Zenodo data package (mirror of the DI)
DEU,2006,3.76420411,kt,1.B.1.a.i.3  Abandoned Underground Mines,CH4,Zenodo data package (mirror of the DI)
DEU,2007,2.95516497,kt,1.B.1.a.i.3  Abandoned Underground Mines,CH4,Zenodo data package (mirror of the DI)
DEU,2008,2.93380052,kt,1.B.1.a.i.3  Abandoned Underground Mines,CH4,Zenodo data package (mirror of the DI)
DEU,2009,3.05442789,kt,1.B.1.a.i.3  Abandoned Underground Mines,CH4,Zenodo data package (mirror of the DI)
DEU,2010,2.73948851,kt,1.B.1.a.i.3  Abandoned Underground Mines,CH4,Zenodo data package (mirror of the DI)
DEU,2011,3.05615514,kt,1.B.1.a.i.3  Abandoned Underground Mines,CH4,Zenodo data package (mirror of the DI)
DEU,2012,2.84915079,kt,1.B.1.a.i.3  Abandoned Underground Mines,CH4,Zenodo data package (mirror of the DI)
DEU,2013,2.75286486,kt,1.B.1.a.i.3  Abandoned Underground Mines,CH4,Zenodo data package (mirror of the DI)
DEU,2014,2.6529,kt,1.B.1.a.i.3  Abandoned Underground Mines,CH4,Zenodo data package (mirror of the DI)
DEU,2015,2.7246,kt,1.B.1.a.i.3  Abandoned Underground Mines,CH4,Zenodo data package (mirror of the DI)
DEU,2016,2.9397,kt,1.B.1.a.i.3  Abandoned Underground Mines,CH4,Zenodo data package (mirror of the DI)
DEU,2017,2.6529,kt,1.B.1.a.i.3  Abandoned Underground Mines,CH4,Zenodo data package (mirror of the DI)
DEU,2018,2.5812,kt,1.B.1.a.i.3  Abandoned Underground Mines,CH4,Zenodo data package (mirror of the DI)
DEU,2019,2.5812,kt,1.B.1.a.i.3  Abandoned Underground Mines,CH4,Zenodo data package (mirror of the DI)
DEU,2020,2.5095,kt,1.B.1.a.i.3  Abandoned Underground Mines,CH4,Zenodo data package (mirror of the DI)
DEU,2021,2.3661,kt,1.B.1.a.i.3  Abandoned Underground Mines,CH4,Zenodo data package (mirror of the DI)
ESP,1993,0.453902438,kt,1.B.1.a.i.3  Abandoned Underground Mines,CH4,Zenodo data package (mirror of the DI)
ESP,1994,0.355593921,kt,1.B.1.a.i.3  Abandoned Underground Mines,CH4,Zenodo data package (mirror of the DI)
ESP,1995,0.305032457,kt,1.B.1.a.i.3  Abandoned Underground Mines,CH4,Zenodo data package (mirror of the DI)
ESP,1996,0.726587248,kt,1.B.1.a.i.3  Abandoned Underground Mines,CH4,Zenodo data package (mirror of the DI)
ESP,1997,0.605208878,kt,1.B.1.a.i.3  Abandoned Underground Mines,CH4,Zenodo data package (mirror of the DI)
ESP,1998,0.537077431,kt,1.B.1.a.i.3  Abandoned Underground Mines,CH4,Zenodo data package (mirror of the DI)
ESP,1999,0.490744478,kt,1.B.1.a.i.3  Abandoned Underground Mines,CH4,Zenodo data package (mirror of the DI)
ESP,2000,0.456183362,kt,1.B.1.a.i.3  Abandoned Underground Mines,CH4,Zenodo data package (mirror of the DI)
ESP,2001,0.882844778,kt,1.B.1.a.i.3  Abandoned Underground Mines,CH4,Zenodo data package (mirror of the DI)
ESP,2002,0.762257868,kt,1.B.1.a.i.3  Abandoned Underground Mines,CH4,Zenodo data package (mirror of the DI)
ESP,2003,0.6929858,kt,1.B.1.a.i.3  Abandoned Underground Mines,CH4,Zenodo data package (mirror of the DI)
ESP,2004,0.644604315,kt,1.B.1.a.i.3  Abandoned Underground Mines,CH4,Zenodo data package (mirror of the DI)
ESP,2005,0.607575238,kt,1.B.1.a.i.3  Abandoned Underground Mines,CH4,Zenodo data package (mirror of the DI)
ESP,2006,0.577695718,kt,1.B.1.a.i.3  Abandoned Underground Mines,CH4,Zenodo data package (mirror of the DI)
ESP,2007,0.552740237,kt,1.B.1.a.i.3  Abandoned Underground Mines,CH4,Zenodo data package (mirror of the DI)
ESP,2008,0.531385103,kt,1.B.1.a.i.3  Abandoned Underground Mines,CH4,Zenodo data package (mirror of the DI)
ESP,2009,0.512777357,kt,1.B.1.a.i.3  Abandoned Underground Mines,CH4,Zenodo data package (mirror of the DI)
ESP,2010,0.496334299,kt,1.B.1.a.i.3  Abandoned Underground Mines,CH4,Zenodo data package (mirror of the DI)
ESP,2011,0.481639778,kt,1.B.1.a.i.3  Abandoned Underground Mines,CH4,Zenodo data package (mirror of the DI)
ESP,2012,0.468386036,kt,1.B.1.a.i.3  Abandoned Underground Mines,CH4,Zenodo data package (mirror of the DI)
ESP,2013,0.456339001,kt,1.B.1.a.i.3  Abandoned Underground Mines,CH4,Zenodo data package (mirror of the DI)
ESP,2014,0.8992,kt,1.B.1.a.i.3  Abandoned Underground Mines,CH4,Zenodo data package (mirror of the DI)
ESP,2015,0.790767808,kt,1.B.1.a.i.3  Abandoned Underground Mines,CH4,Zenodo data package (mirror of the DI)
ESP,2016,0.7308,kt,1.B.1.a.i.3  Abandoned Underground Mines,CH4,Zenodo data package (mirror of the DI)
ESP,2017,0.689767999,kt,1.B.1.a.i.3  Abandoned Underground Mines,CH4,Zenodo data package (mirror of the DI)
ESP,2018,0.658575575,kt,1.B.1.a.i.3  Abandoned Underground Mines,CH4,Zenodo data package (mirror of the DI)
ESP,2019,0.633405681,kt,1.B.1.a.i.3  Abandoned Underground Mines,CH4,Zenodo data package (mirror of the DI)
ESP,2020,1.066189619,kt,1.B.1.a.i.3  Abandoned Underground Mines,CH4,Zenodo data package (mirror of the DI)
ESP,2021,0.949675666,kt,1.B.1.a.i.3  Abandoned Underground Mines,CH4,Zenodo data package (mirror of the DI)
FRA,2004,22.4490069005175,kt,1.B.1.a.i.3  Abandoned Underground Mines,CH4,Zenodo data package (mirror of the DI)
FRA,2005,14.807,kt,1.B.1.a.i.3  Abandoned Underground Mines,CH4,Zenodo data package (mirror of the DI)
FRA,2006,9.447,kt,1.B.1.a.i.3  Abandoned Underground Mines,CH4,Zenodo data package (mirror of the DI)
FRA,2007,1.407,kt,1.B.1.a.i.3  Abandoned Underground Mines,CH4,Zenodo data package (mirror of the DI)
FRA,2008,1.407,kt,1.B.1.a.i.3  Abandoned Underground Mines,CH4,Zenodo data package (mirror of the DI)
FRA,2009,1.407,kt,1.B.1.a.i.3  Abandoned Underground Mines,CH4,Zenodo data package (mirror of the DI)
FRA,2010,1.407,kt,1.B.1.a.i.3  Abandoned Underground Mines,CH4,Zenodo data package (mirror of the DI)
FRA,2011,1.072,kt,1.B.1.a.i.3  Abandoned Underground Mines,CH4,Zenodo data package (mirror of the DI)
FRA,2012,0.469,kt,1.B.1.a.i.3  Abandoned Underground Mines,CH4,Zenodo data package (mirror of the DI)
FRA,2013,0.536,kt,1.B.1.a.i.3  Abandoned Underground Mines,CH4,Zenodo data package (mirror of the DI)
FRA,2014,0.402,kt,1.B.1.a.i.3  Abandoned Underground Mines,CH4,Zenodo data package (mirror of the DI)
FRA,2015,0.402,kt,1.B.1.a.i.3  Abandoned Underground Mines,CH4,Zenodo data package (mirror of the DI)
FRA,2016,0.402,kt,1.B.1.a.i.3  Abandoned Underground Mines,CH4,Zenodo data package (mirror of the DI)
FRA,2017,0.402,kt,1.B.1.a.i.3  Abandoned Underground Mines,CH4,Zenodo data package (mirror of the DI)
FRA,2018,0.402,kt,1.B.1.a.i.3  Abandoned Underground Mines,CH4,Zenodo data package (mirror of the DI)
FRA,2019,0.402,kt,1.B.1.a.i.3  Abandoned Underground Mines,CH4,Zenodo data package (mirror of the DI)
FRA,2020,0.402,kt,1.B.1.a.i.3  Abandoned Underground Mines,CH4,Zenodo data package (mirror of the DI)
FRA,2021,0.0469,kt,1.B.1.a.i.3  Abandoned Underground Mines,CH4,Zenodo data package (mirror of the DI)
GBR,1990,51.1955237575006,kt,1.B.1.a.i.3  Abandoned Underground Mines,CH4,Zenodo data package (mirror of the DI)
GBR,1991,56.7279883783191,kt,1.B.1.a.i.3  Abandoned Underground Mines,CH4,Zenodo data package (mirror of the DI)
GBR,1992,83.6766258079713,kt,1.B.1.a.i.3  Abandoned Underground Mines,CH4,Zenodo data package (mirror of the DI)
GBR,1993,101.857789560895,kt,1.B.1.a.i.3  Abandoned Underground Mines,CH4,Zenodo data package (mirror of the DI)
GBR,1994,91.4421668694385,kt,1.B.1.a.i.3  Abandoned Underground Mines,CH4,Zenodo data package (mirror of the DI)
GBR,1995,95.7310452715012,kt,1.B.1.a.i.3  Abandoned Underground Mines,CH4,Zenodo data package (mirror of the DI)
GBR,1996,82.6077941440762,kt,1.B.1.a.i.3  Abandoned Underground Mines,CH4,Zenodo data package (mirror of the DI)
GBR,1997,87.3138190724458,kt,1.B.1.a.i.3  Abandoned Underground Mines,CH4,Zenodo data package (mirror of the DI)
GBR,1998,75.2424192081716,kt,1.B.1.a.i.3  Abandoned Underground Mines,CH4,Zenodo data package (mirror of the DI)
GBR,1999,64.7999085415176,kt,1.B.1.a.i.3  Abandoned Underground Mines,CH4,Zenodo data package (mirror of the DI)
GBR,2000,58.1660501357006,kt,1.B.1.a.i.3  Abandoned Underground Mines,CH4,Zenodo data package (mirror of the DI)
GBR,2001,43.4767406517355,kt,1.B.1.a.i.3  Abandoned Underground Mines,CH4,Zenodo data package (mirror of the DI)
GBR,2002,37.4074859785504,kt,1.B.1.a.i.3  Abandoned Underground Mines,CH4,Zenodo data package (mirror of the DI)
GBR,2003,25.9658198940734,kt,1.B.1.a.i.3  Abandoned Underground Mines,CH4,Zenodo data package (mirror of the DI)
GBR,2004,18.1731690182838,kt,1.B.1.a.i.3  Abandoned Underground Mines,CH4,Zenodo data package (mirror of the DI)
GBR,2005,20.7224701121071,kt,1.B.1.a.i.3  Abandoned Underground Mines,CH4,Zenodo data package (mirror of the DI)
GBR,2006,27.2768965661678,kt,1.B.1.a.i.3  Abandoned Underground Mines,CH4,Zenodo data package (mirror of the DI)
GBR,2007,23.5457307237454,kt,1.B.1.a.i.3  Abandoned Underground Mines,CH4,Zenodo data package (mirror of the DI)
GBR,2008,22.4337442669756,kt,1.B.1.a.i.3  Abandoned Underground Mines,CH4,Zenodo data package (mirror of the DI)
GBR,2009,17.2964196448677,kt,1.B.1.a.i.3  Abandoned Underground Mines,CH4,Zenodo data package (mirror of the DI)
GBR,2010,17.452676794352,kt,1.B.1.a.i.3  Abandoned Underground Mines,CH4,Zenodo data package (mirror of the DI)
GBR,2011,18.46851421928,kt,1.B.1.a.i.3  Abandoned Underground Mines,CH4,Zenodo data package (mirror of the DI)
GBR,2012,18.1299842633232,kt,1.B.1.a.i.3  Abandoned Underground Mines,CH4,Zenodo data package (mirror of the DI)
GBR,2013,18.089232321373,kt,1.B.1.a.i.3  Abandoned Underground Mines,CH4,Zenodo data package (mirror of the DI)
GBR,2014,17.513617008459,kt,1.B.1.a.i.3  Abandoned Underground Mines,CH4,Zenodo data package (mirror of the DI)
GBR,2015,17.6586385627831,kt,1.B.1.a.i.3  Abandoned Underground Mines,CH4,Zenodo data package (mirror of the DI)
GBR,2016,17.9005734741649,kt,1.B.1.a.i.3  Abandoned Underground Mines,CH4,Zenodo data package (mirror of the DI)
GBR,2017,17.6561009565683,kt,1.B.1.a.i.3  Abandoned Underground Mines,CH4,Zenodo data package (mirror of the DI)
GBR,2018,17.0319337641298,kt,1.B.1.a.i.3  Abandoned Underground Mines,CH4,Zenodo data package (mirror of the DI)
GBR,2019,16.7818273259124,kt,1.B.1.a.i.3  Abandoned Underground Mines,CH4,Zenodo data package (mirror of the DI)
GBR,2020,16.4972685718468,kt,1.B.1.a.i.3  Abandoned Underground Mines,CH4,Zenodo data package (mirror of the DI)
GBR,2021,16.3397749563174,kt,1.B.1.a.i.3  Abandoned Underground Mines,CH4,Zenodo data package (mirror of the DI)
HUN,1990,10.79169,kt,1.B.1.a.i.3  Abandoned Underground Mines,CH4,Zenodo data package (mirror of the DI)
HUN,1991,9.40144,kt,1.B.1.a.i.3  Abandoned Underground Mines,CH4,Zenodo data package (mirror of the DI)
HUN,1992,8.47081,kt,1.B.1.a.i.3  Abandoned Underground Mines,CH4,Zenodo data package (mirror of the DI)
HUN,1993,7.78205,kt,1.B.1.a.i.3  Abandoned Underground Mines,CH4,Zenodo data package (mirror of the DI)
HUN,1994,7.03701,kt,1.B.1.a.i.3  Abandoned Underground Mines,CH4,Zenodo data package (mirror of the DI)
HUN,1995,6.00119,kt,1.B.1.a.i.3  Abandoned Underground Mines,CH4,Zenodo data package (mirror of the DI)
HUN,1996,5.68562,kt,1.B.1.a.i.3  Abandoned Underground Mines,CH4,Zenodo data package (mirror of the DI)
HUN,1997,4.56404,kt,1.B.1.a.i.3  Abandoned Underground Mines,CH4,Zenodo data package (mirror of the DI)
HUN,1998,4.34897,kt,1.B.1.a.i.3  Abandoned Underground Mines,CH4,Zenodo data package (mirror of the DI)
HUN,1999,4.16003,kt,1.B.1.a.i.3  Abandoned Underground Mines,CH4,Zenodo data package (mirror of the DI)
HUN,2000,3.99856,kt,1.B.1.a.i.3  Abandoned Underground Mines,CH4,Zenodo data package (mirror of the DI)
HUN,2001,3.39288,kt,1.B.1.a.i.3  Abandoned Underground Mines,CH4,Zenodo data package (mirror of the DI)
HUN,2002,2.83209,kt,1.B.1.a.i.3  Abandoned Underground Mines,CH4,Zenodo data package (mirror of the DI)
HUN,2003,2.74231,kt,1.B.1.a.i.3  Abandoned Underground Mines,CH4,Zenodo data package (mirror of the DI)
HUN,2004,2.66526,kt,1.B.1.a.i.3  Abandoned Underground Mines,CH4,Zenodo data package (mirror of the DI)
HUN,2005,2.18487,kt,1.B.1.a.i.3  Abandoned Underground Mines,CH4,Zenodo data package (mirror of the DI)
HUN,2006,2.1306,kt,1.B.1.a.i.3  Abandoned Underground Mines,CH4,Zenodo data package (mirror of the DI)
HUN,2007,2.07566,kt,1.B.1.a.i.3  Abandoned Underground Mines,CH4,Zenodo data package (mirror of the DI)
HUN,2008,2.02809,kt,1.B.1.a.i.3  Abandoned Underground Mines,CH4,Zenodo data package (mirror of the DI)
HUN,2009,1.8157,kt,1.B.1.a.i.3  Abandoned Underground Mines,CH4,Zenodo data package (mirror of the DI)
HUN,2010,1.77215,kt,1.B.1.a.i.3  Abandoned Underground Mines,CH4,Zenodo data package (mirror of the DI)
HUN,2011,1.38824,kt,1.B.1.a.i.3  Abandoned Underground Mines,CH4,Zenodo data package (mirror of the DI)
HUN,2012,1.35876,kt,1.B.1.a.i.3  Abandoned Underground Mines,CH4,Zenodo data package (mirror of the DI)
HUN,2013,1.32928,kt,1.B.1.a.i.3  Abandoned Underground Mines,CH4,Zenodo data package (mirror of the DI)
HUN,2014,1.30516,kt,1.B.1.a.i.3  Abandoned Underground Mines,CH4,Zenodo data package (mirror of the DI)
HUN,2015,1.28104,kt,1.B.1.a.i.3  Abandoned Underground Mines,CH4,Zenodo data package (mirror of the DI)
HUN,2016,1.25692,kt,1.B.1.a.i.3  Abandoned Underground Mines,CH4,Zenodo data package (mirror of the DI)
HUN,2017,1.17652,kt,1.B.1.a.i.3  Abandoned Underground Mines,CH4,Zenodo data package (mirror of the DI)
HUN,2018,1.15776,kt,1.B.1.a.i.3  Abandoned Underground Mines,CH4,Zenodo data package (mirror of the DI)
HUN,2019,1.139,kt,1.B.1.a.i.3  Abandoned Underground Mines,CH4,Zenodo data package (mirror of the DI)
HUN,2020,1.12292,kt,1.B.1.a.i.3  Abandoned Underground Mines,CH4,Zenodo data package (mirror of the DI)
HUN,2021,1.10684,kt,1.B.1.a.i.3  Abandoned Underground Mines,CH4,Zenodo data package (mirror of the DI)
IRL,1990,2.0396877,kt,1.B.1.a.i.3  Abandoned Underground Mines,CH4,Zenodo data package (mirror of the DI)
IRL,1991,1.7900725,kt,1.B.1.a.i.3  Abandoned Underground Mines,CH4,Zenodo data package (mirror of the DI)
IRL,1992,1.6223849,kt,1.B.1.a.i.3  Abandoned Underground Mines,CH4,Zenodo data package (mirror of the DI)
IRL,1993,1.4977582,kt,1.B.1.a.i.3  Abandoned Underground Mines,CH4,Zenodo data package (mirror of the DI)
IRL,1994,1.402712,kt,1.B.1.a.i.3  Abandoned Underground Mines,CH4,Zenodo data package (mirror of the DI)
IRL,1995,1.3258898,kt,1.B.1.a.i.3  Abandoned Underground Mines,CH4,Zenodo data package (mirror of the DI)
IRL,1996,1.2608596,kt,1.B.1.a.i.3  Abandoned Underground Mines,CH4,Zenodo data package (mirror of the DI)
IRL,1997,1.2056583,kt,1.B.1.a.i.3  Abandoned Underground Mines,CH4,Zenodo data package (mirror of the DI)
IRL,1998,1.1584166,kt,1.B.1.a.i.3  Abandoned Underground Mines,CH4,Zenodo data package (mirror of the DI)
IRL,1999,1.1165349,kt,1.B.1.a.i.3  Abandoned Underground Mines,CH4,Zenodo data package (mirror of the DI)
IRL,2000,1.0808306,kt,1.B.1.a.i.3  Abandoned Underground Mines,CH4,Zenodo data package (mirror of the DI)
IRL,2001,1.0475249,kt,1.B.1.a.i.3  Abandoned Underground Mines,CH4,Zenodo data package (mirror of the DI)
IRL,2002,1.0169997,kt,1.B.1.a.i.3  Abandoned Underground Mines,CH4,Zenodo data package (mirror of the DI)
IRL,2003,0.9898714,kt,1.B.1.a.i.3  Abandoned Underground Mines,CH4,Zenodo data package (mirror of the DI)
IRL,2004,0.9659591,kt,1.B.1.a.i.3  Abandoned Underground Mines,CH4,Zenodo data package (mirror of the DI)
IRL,2005,0.9418659,kt,1.B.1.a.i.3  Abandoned Underground Mines,CH4,Zenodo data package (mirror of the DI)
IRL,2006,0.9218061,kt,1.B.1.a.i.3  Abandoned Underground Mines,CH4,Zenodo data package (mirror of the DI)
IRL,2007,0.9011098,kt,1.B.1.a.i.3  Abandoned Underground Mines,CH4,Zenodo data package (mirror of the DI)
IRL,2008,0.883194,kt,1.B.1.a.i.3  Abandoned Underground Mines,CH4,Zenodo data package (mirror of the DI)
IRL,2009,0.8663502,kt,1.B.1.a.i.3  Abandoned Underground Mines,CH4,Zenodo data package (mirror of the DI)
IRL,2010,0.8493255,kt,1.B.1.a.i.3  Abandoned Underground Mines,CH4,Zenodo data package (mirror of the DI)
IRL,2011,0.8346257,kt,1.B.1.a.i.3  Abandoned Underground Mines,CH4,Zenodo data package (mirror of the DI)
IRL,2012,0.8199259,kt,1.B.1.a.i.3  Abandoned Underground Mines,CH4,Zenodo data package (mirror of the DI)
IRL,2013,0.8058626,kt,1.B.1.a.i.3  Abandoned Underground Mines,CH4,Zenodo data package (mirror of the DI)
IRL,2014,0.7934877,kt,1.B.1.a.i.3  Abandoned Underground Mines,CH4,Zenodo data package (mirror of the DI)
IRL,2015,0.7815684,kt,1.B.1.a.i.3  Abandoned Underground Mines,CH4,Zenodo data package (mirror of the DI)
IRL,2016,0.7696491,kt,1.B.1.a.i.3  Abandoned Underground Mines,CH4,Zenodo data package (mirror of the DI)
IRL,2017,0.7345813,kt,1.B.1.a.i.3  Abandoned Underground Mines,CH4,Zenodo data package (mirror of the DI)
IRL,2018,0.724806,kt,1.B.1.a.i.3  Abandoned Underground Mines,CH4,Zenodo data package (mirror of the DI)
IRL,2019,0.7150307,kt,1.B.1.a.i.3  Abandoned Underground Mines,CH4,Zenodo data package (mirror of the DI)
IRL,2020,0.7065083,kt,1.B.1.a.i.3  Abandoned Underground Mines,CH4,Zenodo data package (mirror of the DI)
IRL,2021,0.697805,kt,1.B.1.a.i.3  Abandoned Underground Mines,CH4,Zenodo data package (mirror of the DI)
ITA,1994,0.1206,kt,1.B.1.a.i.3  Abandoned Underground Mines,CH4,Zenodo data package (mirror of the DI)
ITA,1995,0.0628480298987,kt,1.B.1.a.i.3  Abandoned Underground Mines,CH4,Zenodo data package (mirror of the DI)
ITA,1996,0.04923608130986,kt,1.B.1.a.i.3  Abandoned Underground Mines,CH4,Zenodo data package (mirror of the DI)
ITA,1997,0.04223526333468,kt,1.B.1.a.i.3  Abandoned Underground Mines,CH4,Zenodo data package (mirror of the DI)
ITA,1998,0.03775635828297,kt,1.B.1.a.i.3  Abandoned Underground Mines,CH4,Zenodo data package (mirror of the DI)
ITA,1999,0.03456207098496,kt,1.B.1.a.i.3  Abandoned Underground Mines,CH4,Zenodo data package (mirror of the DI)
ITA,2016,0.97686,kt,1.B.1.a.i.3  Abandoned Underground Mines,CH4,Zenodo data package (mirror of the DI)
ITA,2017,0.50906904217943,kt,1.B.1.a.i.3  Abandoned Underground Mines,CH4,Zenodo data package (mirror of the DI)
ITA,2018,0.39881225860988,kt,1.B.1.a.i.3  Abandoned Underground Mines,CH4,Zenodo data package (mirror of the DI)
ITA,2019,0.34210563301091,kt,1.B.1.a.i.3  Abandoned Underground Mines,CH4,Zenodo data package (mirror of the DI)
ITA,2020,0.30582650209208,kt,1.B.1.a.i.3  Abandoned Underground Mines,CH4,Zenodo data package (mirror of the DI)
ITA,2021,0.27995277497817,kt,1.B.1.a.i.3  Abandoned Underground Mines,CH4,Zenodo data package (mirror of the DI)
JPN,1990,33.57812414916781,kt,1.B.1.a.i.3  Abandoned Underground Mines,CH4,Zenodo data package (mirror of the DI)
JPN,1991,32.21974832759993,kt,1.B.1.a.i.3  Abandoned Underground Mines,CH4,Zenodo data package (mirror of the DI)
JPN,1992,31.48064722022394,kt,1.B.1.a.i.3  Abandoned Underground Mines,CH4,Zenodo data package (mirror of the DI)
JPN,1993,30.28491851406792,kt,1.B.1.a.i.3  Abandoned Underground Mines,CH4,Zenodo data package (mirror of the DI)
JPN,1994,29.68634960089038,kt,1.B.1.a.i.3  Abandoned Underground Mines,CH4,Zenodo data package (mirror of the DI)
JPN,1995,29.08393087141851,kt,1.B.1.a.i.3  Abandoned Underground Mines,CH4,Zenodo data package (mirror of the DI)
JPN,1996,28.02391038345242,kt,1.B.1.a.i.3  Abandoned Underground Mines,CH4,Zenodo data package (mirror of the DI)
JPN,1997,27.08354505819172,kt,1.B.1.a.i.3  Abandoned Underground Mines,CH4,Zenodo data package (mirror of the DI)
JPN,1998,26.23055508614871,kt,1.B.1.a.i.3  Abandoned Underground Mines,CH4,Zenodo data package (mirror of the DI)
JPN,1999,25.44639089045386,kt,1.B.1.a.i.3  Abandoned Underground Mines,CH4,Zenodo data package (mirror of the DI)
JPN,2000,24.71906447972995,kt,1.B.1.a.i.3  Abandoned Underground Mines,CH4,Zenodo data package (mirror of the DI)
JPN,2001,24.04016298231122,kt,1.B.1.a.i.3  Abandoned Underground Mines,CH4,Zenodo data package (mirror of the DI)
JPN,2002,23.40341929790983,kt,1.B.1.a.i.3  Abandoned Underground Mines,CH4,Zenodo data package (mirror of the DI)
JPN,2003,22.80395368737523,kt,1.B.1.a.i.3  Abandoned Underground Mines,CH4,Zenodo data package (mirror of the DI)
JPN,2004,22.23783767597163,kt,1.B.1.a.i.3  Abandoned Underground Mines,CH4,Zenodo data package (mirror of the DI)
JPN,2005,21.70182651259929,kt,1.B.1.a.i.3  Abandoned Underground Mines,CH4,Zenodo data package (mirror of the DI)
JPN,2006,21.19318603236482,kt,1.B.1.a.i.3  Abandoned Underground Mines,CH4,Zenodo data package (mirror of the DI)
JPN,2007,20.7095754829522,kt,1.B.1.a.i.3  Abandoned Underground Mines,CH4,Zenodo data package (mirror of the DI)
JPN,2008,20.24896515932819,kt,1.B.1.a.i.3  Abandoned Underground Mines,CH4,Zenodo data package (mirror of the DI)
JPN,2009,19.80957659931006,kt,1.B.1.a.i.3  Abandoned Underground Mines,CH4,Zenodo data package (mirror of the DI)
JPN,2010,19.38983793437652,kt,1.B.1.a.i.3  Abandoned Underground Mines,CH4,Zenodo data package (mirror of the DI)
JPN,2011,18.98834974490064,kt,1.B.1.a.i.3  Abandoned Underground Mines,CH4,Zenodo data package (mirror of the DI)
JPN,2012,18.60385839996838,kt,1.B.1.a.i.3  Abandoned Underground Mines,CH4,Zenodo data package (mirror of the DI)
JPN,2013,18.23523486201323,kt,1.B.1.a.i.3  Abandoned Underground Mines,CH4,Zenodo data package (mirror of the DI)
JPN,2014,17.88145756911361,kt,1.B.1.a.i.3  Abandoned Underground Mines,CH4,Zenodo data package (mirror of the DI)
JPN,2015,17.5415984193095,kt,1.B.1.a.i.3  Abandoned Underground Mines,CH4,Zenodo data package (mirror of the DI)
JPN,2016,17.21481115581026,kt,1.B.1.a.i.3  Abandoned Underground Mines,CH4,Zenodo data package (mirror of the DI)
JPN,2017,16.90032163932971,kt,1.B.1.a.i.3  Abandoned Underground Mines,CH4,Zenodo data package (mirror of the DI)
JPN,2018,16.59741962436134,kt,1.B.1.a.i.3  Abandoned Underground Mines,CH4,Zenodo data package (mirror of the DI)
JPN,2019,16.30545174896036,kt,1.B.1.a.i.3  Abandoned Underground Mines,CH4,Zenodo data package (mirror of the DI)
JPN,2020,16.023815514652,kt,1.B.1.a.i.3  Abandoned Underground Mines,CH4,Zenodo data package (mirror of the DI)
JPN,2021,15.75195408234439,kt,1.B.1.a.i.3  Abandoned Underground Mines,CH4,Zenodo data package (mirror of the DI)
KAZ,1997,4.93254,kt,1.B.1.a.i.3  Abandoned Underground Mines,CH4,Zenodo data package (mirror of the DI)
KAZ,1998,4.69134,kt,1.B.1.a.i.3  Abandoned Underground Mines,CH4,Zenodo data package (mirror of the DI)
KAZ,1999,4.48029,kt,1.B.1.a.i.3  Abandoned Underground Mines,CH4,Zenodo data package (mirror of the DI)
KAZ,2000,4.29939,kt,1.B.1.a.i.3  Abandoned Underground Mines,CH4,Zenodo data package (mirror of the DI)
KAZ,2001,5.97506,kt,1.B.1.a.i.3  Abandoned Underground Mines,CH4,Zenodo data package (mirror of the DI)
KAZ,2002,5.75731,kt,1.B.1.a.i.3  Abandoned Underground Mines,CH4,Zenodo data package (mirror of the DI)
KAZ,2003,5.56569,kt,1.B.1.a.i.3  Abandoned Underground Mines,CH4,Zenodo data package (mirror of the DI)
KAZ,2004,5.4002,kt,1.B.1.a.i.3  Abandoned Underground Mines,CH4,Zenodo data package (mirror of the DI)
KAZ,2005,5.23471,kt,1.B.1.a.i.3  Abandoned Underground Mines,CH4,Zenodo data package (mirror of the DI)
KAZ,2006,5.09535,kt,1.B.1.a.i.3  Abandoned Underground Mines,CH4,Zenodo data package (mirror of the DI)
KAZ,2007,4.95599,kt,1.B.1.a.i.3  Abandoned Underground Mines,CH4,Zenodo data package (mirror of the DI)
KAZ,2008,4.83405,kt,1.B.1.a.i.3  Abandoned Underground Mines,CH4,Zenodo data package (mirror of the DI)
KAZ,2009,4.72082,kt,1.B.1.a.i.3  Abandoned Underground Mines,CH4,Zenodo data package (mirror of the DI)
KAZ,2010,4.60759,kt,1.B.1.a.i.3  Abandoned Underground Mines,CH4,Zenodo data package (mirror of the DI)
KAZ,2011,4.51178,kt,1.B.1.a.i.3  Abandoned Underground Mines,CH4,Zenodo data package (mirror of the DI)
KAZ,2012,4.41597,kt,1.B.1.a.i.3  Abandoned Underground Mines,CH4,Zenodo data package (mirror of the DI)
KAZ,2013,4.32016,kt,1.B.1.a.i.3  Abandoned Underground Mines,CH4,Zenodo data package (mirror of the DI)
KAZ,2014,4.24177,kt,1.B.1.a.i.3  Abandoned Underground Mines,CH4,Zenodo data package (mirror of the DI)
KAZ,2015,4.16338,kt,1.B.1.a.i.3  Abandoned Underground Mines,CH4,Zenodo data package (mirror of the DI)
KAZ,2016,4.08499,kt,1.B.1.a.i.3  Abandoned Underground Mines,CH4,Zenodo data package (mirror of the DI)
KAZ,2017,4.02402,kt,1.B.1.a.i.3  Abandoned Underground Mines,CH4,Zenodo data package (mirror of the DI)
KAZ,2018,3.96305,kt,1.B.1.a.i.3  Abandoned Underground Mines,CH4,Zenodo data package (mirror of the DI)
KAZ,2019,3.92821,kt,1.B.1.a.i.3  Abandoned Underground Mines,CH4,Zenodo data package (mirror of the DI)
KAZ,2020,3.89337,kt,1.B.1.a.i.3  Abandoned Underground Mines,CH4,Zenodo data package (mirror of the DI)
KAZ,2021,3.84982,kt,1.B.1.a.i.3  Abandoned Underground Mines,CH4,Zenodo data package (mirror of the DI)
NOR,1990,3.84714,kt,1.B.1.a.i.3  Abandoned Underground Mines,CH4,Zenodo data package (mirror of the DI)
NOR,1991,3.51884,kt,1.B.1.a.i.3  Abandoned Underground Mines,CH4,Zenodo data package (mirror of the DI)
NOR,1992,3.29372,kt,1.B.1.a.i.3  Abandoned Underground Mines,CH4,Zenodo data package (mirror of the DI)
NOR,1993,3.12287,kt,1.B.1.a.i.3  Abandoned Underground Mines,CH4,Zenodo data package (mirror of the DI)
NOR,1994,2.99021,kt,1.B.1.a.i.3  Abandoned Underground Mines,CH4,Zenodo data package (mirror of the DI)
NOR,1995,2.88234,kt,1.B.1.a.i.3  Abandoned Underground Mines,CH4,Zenodo data package (mirror of the DI)
NOR,1996,2.7872,kt,1.B.1.a.i.3  Abandoned Underground Mines,CH4,Zenodo data package (mirror of the DI)
NOR,1997,2.70479,kt,1.B.1.a.i.3  Abandoned Underground Mines,CH4,Zenodo data package (mirror of the DI)
NOR,1998,2.63511,kt,1.B.1.a.i.3  Abandoned Underground Mines,CH4,Zenodo data package (mirror of the DI)
NOR,1999,2.57012,kt,1.B.1.a.i.3  Abandoned Underground Mines,CH4,Zenodo data package (mirror of the DI)
NOR,2000,2.51652,kt,1.B.1.a.i.3  Abandoned Underground Mines,CH4,Zenodo data package (mirror of the DI)
NOR,2001,2.46225,kt,1.B.1.a.i.3  Abandoned Underground Mines,CH4,Zenodo data package (mirror of the DI)
NOR,2002,2.41468,kt,1.B.1.a.i.3  Abandoned Underground Mines,CH4,Zenodo data package (mirror of the DI)
NOR,2003,2.36979,kt,1.B.1.a.i.3  Abandoned Underground Mines,CH4,Zenodo data package (mirror of the DI)
NOR,2004,2.33093,kt,1.B.1.a.i.3  Abandoned Underground Mines,CH4,Zenodo data package (mirror of the DI)
NOR,2005,2.28939,kt,1.B.1.a.i.3  Abandoned Underground Mines,CH4,Zenodo data package (mirror of the DI)
NOR,2006,2.25656,kt,1.B.1.a.i.3  Abandoned Underground Mines,CH4,Zenodo data package (mirror of the DI)
NOR,2007,2.21971,kt,1.B.1.a.i.3  Abandoned Underground Mines,CH4,Zenodo data package (mirror of the DI)
NOR,2008,2.18956,kt,1.B.1.a.i.3  Abandoned Underground Mines,CH4,Zenodo data package (mirror of the DI)
NOR,2009,2.16075,kt,1.B.1.a.i.3  Abandoned Underground Mines,CH4,Zenodo data package (mirror of the DI)
NOR,2010,2.12926,kt,1.B.1.a.i.3  Abandoned Underground Mines,CH4,Zenodo data package (mirror of the DI)
NOR,2011,2.10313,kt,1.B.1.a.i.3  Abandoned Underground Mines,CH4,Zenodo data package (mirror of the DI)
NOR,2012,2.077,kt,1.B.1.a.i.3  Abandoned Underground Mines,CH4,Zenodo data package (mirror of the DI)
NOR,2013,2.05288,kt,1.B.1.a.i.3  Abandoned Underground Mines,CH4,Zenodo data package (mirror of the DI)
NOR,2014,2.02809,kt,1.B.1.a.i.3  Abandoned Underground Mines,CH4,Zenodo data package (mirror of the DI)
NOR,2015,2.00665,kt,1.B.1.a.i.3  Abandoned Underground Mines,CH4,Zenodo data package (mirror of the DI)
NOR,2016,1.98521,kt,1.B.1.a.i.3  Abandoned Underground Mines,CH4,Zenodo data package (mirror of the DI)
NOR,2017,1.9631,kt,1.B.1.a.i.3  Abandoned Underground Mines,CH4,Zenodo data package (mirror of the DI)
NOR,2018,1.94099,kt,1.B.1.a.i.3  Abandoned Underground Mines,CH4,Zenodo data package (mirror of the DI)
NOR,2019,1.92223,kt,1.B.1.a.i.3  Abandoned Underground Mines,CH4,Zenodo data package (mirror of the DI)
NOR,2020,1.90414,kt,1.B.1.a.i.3  Abandoned Underground Mines,CH4,Zenodo data package (mirror of the DI)
NOR,2021,1.88538,kt,1.B.1.a.i.3  Abandoned Underground Mines,CH4,Zenodo data package (mirror of the DI)
NZL,2012,0.731447221248,kt,1.B.1.a.i.3  Abandoned Underground Mines,CH4,Zenodo data package (mirror of the DI)
NZL,2013,2.95881560162624,kt,1.B.1.a.i.3  Abandoned Underground Mines,CH4,Zenodo data package (mirror of the DI)
NZL,2014,2.06150603692474,kt,1.B.1.a.i.3  Abandoned Underground Mines,CH4,Zenodo data package (mirror of the DI)
NZL,2015,0.95625812736,kt,1.B.1.a.i.3  Abandoned Underground Mines,CH4,Zenodo data package (mirror of the DI)
NZL,2016,1.10878098990545,kt,1.B.1.a.i.3  Abandoned Underground Mines,CH4,Zenodo data package (mirror of the DI)
POL,1995,0.61707,kt,1.B.1.a.i.3  Abandoned Underground Mines,CH4,Zenodo data package (mirror of the DI)
POL,1996,1.1591,kt,1.B.1.a.i.3  Abandoned Underground Mines,CH4,Zenodo data package (mirror of the DI)
POL,1997,1.64418,kt,1.B.1.a.i.3  Abandoned Underground Mines,CH4,Zenodo data package (mirror of the DI)
POL,1998,2.08504,kt,1.B.1.a.i.3  Abandoned Underground Mines,CH4,Zenodo data package (mirror of the DI)
POL,1999,1.99124,kt,1.B.1.a.i.3  Abandoned Underground Mines,CH4,Zenodo data package (mirror of the DI)
POL,2000,4.7771,kt,1.B.1.a.i.3  Abandoned Underground Mines,CH4,Zenodo data package (mirror of the DI)
POL,2001,103.74615,kt,1.B.1.a.i.3  Abandoned Underground Mines,CH4,Zenodo data package (mirror of the DI)
POL,2002,51.39168,kt,1.B.1.a.i.3  Abandoned Underground Mines,CH4,Zenodo data package (mirror of the DI)
POL,2003,37.77728,kt,1.B.1.a.i.3  Abandoned Underground Mines,CH4,Zenodo data package (mirror of the DI)
POL,2004,32.14794,kt,1.B.1.a.i.3  Abandoned Underground Mines,CH4,Zenodo data package (mirror of the DI)
POL,2005,27.96915,kt,1.B.1.a.i.3  Abandoned Underground Mines,CH4,Zenodo data package (mirror of the DI)
POL,2006,25.05063,kt,1.B.1.a.i.3  Abandoned Underground Mines,CH4,Zenodo data package (mirror of the DI)
POL,2007,22.88385,kt,1.B.1.a.i.3  Abandoned Underground Mines,CH4,Zenodo data package (mirror of the DI)
POL,2008,21.20349,kt,1.B.1.a.i.3  Abandoned Underground Mines,CH4,Zenodo data package (mirror of the DI)
POL,2009,19.81056,kt,1.B.1.a.i.3  Abandoned Underground Mines,CH4,Zenodo data package (mirror of the DI)
POL,2010,18.68295,kt,1.B.1.a.i.3  Abandoned Underground Mines,CH4,Zenodo data package (mirror of the DI)
POL,2011,17.71011,kt,1.B.1.a.i.3  Abandoned Underground Mines,CH4,Zenodo data package (mirror of the DI)
POL,2012,16.86993,kt,1.B.1.a.i.3  Abandoned Underground Mines,CH4,Zenodo data package (mirror of the DI)
POL,2013,16.1403,kt,1.B.1.a.i.3  Abandoned Underground Mines,CH4,Zenodo data package (mirror of the DI)
POL,2014,15.49911,kt,1.B.1.a.i.3  Abandoned Underground Mines,CH4,Zenodo data package (mirror of the DI)
POL,2015,17.1855,kt,1.B.1.a.i.3  Abandoned Underground Mines,CH4,Zenodo data package (mirror of the DI)
POL,2016,18.34728,kt,1.B.1.a.i.3  Abandoned Underground Mines,CH4,Zenodo data package (mirror of the DI)
POL,2017,19.22096,kt,1.B.1.a.i.3  Abandoned Underground Mines,CH4,Zenodo data package (mirror of the DI)
POL,2018,21.40516,kt,1.B.1.a.i.3  Abandoned Underground Mines,CH4,Zenodo data package (mirror of the DI)
POL,2019,21.40516,kt,1.B.1.a.i.3  Abandoned Underground Mines,CH4,Zenodo data package (mirror of the DI)
POL,2020,21.40516,kt,1.B.1.a.i.3  Abandoned Underground Mines,CH4,Zenodo data package (mirror of the DI)
POL,2021,21.40516,kt,1.B.1.a.i.3  Abandoned Underground Mines,CH4,Zenodo data package (mirror of the DI)
PRT,1990,0.44521165,kt,1.B.1.a.i.3  Abandoned Underground Mines,CH4,Zenodo data package (mirror of the DI)
PRT,1991,0.437443,kt,1.B.1.a.i.3  Abandoned Underground Mines,CH4,Zenodo data package (mirror of the DI)
PRT,1992,0.4303008,kt,1.B.1.a.i.3  Abandoned Underground Mines,CH4,Zenodo data package (mirror of the DI)
PRT,1993,0.81118575,kt,1.B.1.a.i.3  Abandoned Underground Mines,CH4,Zenodo data package (mirror of the DI)
PRT,1994,0.7746339,kt,1.B.1.a.i.3  Abandoned Underground Mines,CH4,Zenodo data package (mirror of the DI)
PRT,1995,1.07745045,kt,1.B.1.a.i.3  Abandoned Underground Mines,CH4,Zenodo data package (mirror of the DI)
PRT,1996,1.0307682,kt,1.B.1.a.i.3  Abandoned Underground Mines,CH4,Zenodo data package (mirror of the DI)
PRT,1997,0.9907759,kt,1.B.1.a.i.3  Abandoned Underground Mines,CH4,Zenodo data package (mirror of the DI)
PRT,1998,0.95647525,kt,1.B.1.a.i.3  Abandoned Underground Mines,CH4,Zenodo data package (mirror of the DI)
PRT,1999,0.9257926,kt,1.B.1.a.i.3  Abandoned Underground Mines,CH4,Zenodo data package (mirror of the DI)
PRT,2000,0.8997095,kt,1.B.1.a.i.3  Abandoned Underground Mines,CH4,Zenodo data package (mirror of the DI)
PRT,2001,0.87481565,kt,1.B.1.a.i.3  Abandoned Underground Mines,CH4,Zenodo data package (mirror of the DI)
PRT,2002,0.852173,kt,1.B.1.a.i.3  Abandoned Underground Mines,CH4,Zenodo data package (mirror of the DI)
PRT,2003,0.8318787,kt,1.B.1.a.i.3  Abandoned Underground Mines,CH4,Zenodo data package (mirror of the DI)
PRT,2004,0.8137552,kt,1.B.1.a.i.3  Abandoned Underground Mines,CH4,Zenodo data package (mirror of the DI)
PRT,2005,0.79545415,kt,1.B.1.a.i.3  Abandoned Underground Mines,CH4,Zenodo data package (mirror of the DI)
PRT,2006,0.78030545,kt,1.B.1.a.i.3  Abandoned Underground Mines,CH4,Zenodo data package (mirror of the DI)
PRT,2007,0.76435275,kt,1.B.1.a.i.3  Abandoned Underground Mines,CH4,Zenodo data package (mirror of the DI)
PRT,2008,0.75065125,kt,1.B.1.a.i.3  Abandoned Underground Mines,CH4,Zenodo data package (mirror of the DI)
PRT,2009,0.73767335,kt,1.B.1.a.i.3  Abandoned Underground Mines,CH4,Zenodo data package (mirror of the DI)
PRT,2010,0.7245179,kt,1.B.1.a.i.3  Abandoned Underground Mines,CH4,Zenodo data package (mirror of the DI)
PRT,2011,0.7129872,kt,1.B.1.a.i.3  Abandoned Underground Mines,CH4,Zenodo data package (mirror of the DI)
PRT,2012,0.7014565,kt,1.B.1.a.i.3  Abandoned Underground Mines,CH4,Zenodo data package (mirror of the DI)
PRT,2013,0.6907298,kt,1.B.1.a.i.3  Abandoned Underground Mines,CH4,Zenodo data package (mirror of the DI)
PRT,2014,0.68082385,kt,1.B.1.a.i.3  Abandoned Underground Mines,CH4,Zenodo data package (mirror of the DI)
PRT,2015,0.67154435,kt,1.B.1.a.i.3  Abandoned Underground Mines,CH4,Zenodo data package (mirror of the DI)
PRT,2016,0.66226485,kt,1.B.1.a.i.3  Abandoned Underground Mines,CH4,Zenodo data package (mirror of the DI)
PRT,2017,0.63698575,kt,1.B.1.a.i.3  Abandoned Underground Mines,CH4,Zenodo data package (mirror of the DI)
PRT,2018,0.62915345,kt,1.B.1.a.i.3  Abandoned Underground Mines,CH4,Zenodo data package (mirror of the DI)
PRT,2019,0.62132115,kt,1.B.1.a.i.3  Abandoned Underground Mines,CH4,Zenodo data package (mirror of the DI)
PRT,2020,0.61439,kt,1.B.1.a.i.3  Abandoned Underground Mines,CH4,Zenodo data package (mirror of the DI)
PRT,2021,0.6072813,kt,1.B.1.a.i.3  Abandoned Underground Mines,CH4,Zenodo data package (mirror of the DI)
ROU,1990,30.96670936923131,kt,1.B.1.a.i.3  Abandoned Underground Mines,CH4,Zenodo data package (mirror of the DI)
ROU,1991,46.76885033221009,kt,1.B.1.a.i.3  Abandoned Underground Mines,CH4,Zenodo data package (mirror of the DI)
ROU,1992,63.05778857894982,kt,1.B.1.a.i.3  Abandoned Underground Mines,CH4,Zenodo data package (mirror of the DI)
ROU,1993,52.474157201125,kt,1.B.1.a.i.3  Abandoned Underground Mines,CH4,Zenodo data package (mirror of the DI)
ROU,1994,65.12377270683903,kt,1.B.1.a.i.3  Abandoned Underground Mines,CH4,Zenodo data package (mirror of the DI)
ROU,1995,94.04175959638621,kt,1.B.1.a.i.3  Abandoned Underground Mines,CH4,Zenodo data package (mirror of the DI)
ROU,1996,89.70592048971788,kt,1.B.1.a.i.3  Abandoned Underground Mines,CH4,Zenodo data package (mirror of the DI)
ROU,1997,375.6861661637419,kt,1.B.1.a.i.3  Abandoned Underground Mines,CH4,Zenodo data package (mirror of the DI)
ROU,1998,381.9218225262142,kt,1.B.1.a.i.3  Abandoned Underground Mines,CH4,Zenodo data package (mirror of the DI)
ROU,1999,389.59936404260185,kt,1.B.1.a.i.3  Abandoned Underground Mines,CH4,Zenodo data package (mirror of the DI)
ROU,2000,320.29587465693515,kt,1.B.1.a.i.3  Abandoned Underground Mines,CH4,Zenodo data package (mirror of the DI)
ROU,2001,283.73113696199414,kt,1.B.1.a.i.3  Abandoned Underground Mines,CH4,Zenodo data package (mirror of the DI)
ROU,2002,330.5093727769342,kt,1.B.1.a.i.3  Abandoned Underground Mines,CH4,Zenodo data package (mirror of the DI)
ROU,2003,359.55289125368836,kt,1.B.1.a.i.3  Abandoned Underground Mines,CH4,Zenodo data package (mirror of the DI)
ROU,2004,344.6463050382079,kt,1.B.1.a.i.3  Abandoned Underground Mines,CH4,Zenodo data package (mirror of the DI)
ROU,2005,359.54105249360026,kt,1.B.1.a.i.3  Abandoned Underground Mines,CH4,Zenodo data package (mirror of the DI)
ROU,2006,333.63902513385545,kt,1.B.1.a.i.3  Abandoned Underground Mines,CH4,Zenodo data package (mirror of the DI)
ROU,2007,295.5641655360971,kt,1.B.1.a.i.3  Abandoned Underground Mines,CH4,Zenodo data package (mirror of the DI)
ROU,2008,282.79790042302267,kt,1.B.1.a.i.3  Abandoned Underground Mines,CH4,Zenodo data package (mirror of the DI)
ROU,2009,271.82908294886505,kt,1.B.1.a.i.3  Abandoned Underground Mines,CH4,Zenodo data package (mirror of the DI)
ROU,2010,255.65206124531738,kt,1.B.1.a.i.3  Abandoned Underground Mines,CH4,Zenodo data package (mirror of the DI)
ROU,2011,244.49322554578464,kt,1.B.1.a.i.3  Abandoned Underground Mines,CH4,Zenodo data package (mirror of the DI)
ROU,2012,235.28247734475667,kt,1.B.1.a.i.3  Abandoned Underground Mines,CH4,Zenodo data package (mirror of the DI)
ROU,2013,227.36107389257091,kt,1.B.1.a.i.3  Abandoned Underground Mines,CH4,Zenodo data package (mirror of the DI)
ROU,2014,220.3978452118922,kt,1.B.1.a.i.3  Abandoned Underground Mines,CH4,Zenodo data package (mirror of the DI)
ROU,2015,221.5075998807694,kt,1.B.1.a.i.3  Abandoned Underground Mines,CH4,Zenodo data package (mirror of the DI)
ROU,2016,212.3997914088034,kt,1.B.1.a.i.3  Abandoned Underground Mines,CH4,Zenodo data package (mirror of the DI)
ROU,2017,206.47759747462428,kt,1.B.1.a.i.3  Abandoned Underground Mines,CH4,Zenodo data package (mirror of the DI)
ROU,2018,201.38416078434665,kt,1.B.1.a.i.3  Abandoned Underground Mines,CH4,Zenodo data package (mirror of the DI)
ROU,2019,211.45241986217854,kt,1.B.1.a.i.3  Abandoned Underground Mines,CH4,Zenodo data package (mirror of the DI)
ROU,2020,200.26140679311757,kt,1.B.1.a.i.3  Abandoned Underground Mines,CH4,Zenodo data package (mirror of the DI)
ROU,2021,194.7532394592328,kt,1.B.1.a.i.3  Abandoned Underground Mines,CH4,Zenodo data package (mirror of the DI)
SVK,2015,0.2638125,kt,1.B.1.a.i.3  Abandoned Underground Mines,CH4,Zenodo data package (mirror of the DI)
SVK,2016,0.437,kt,1.B.1.a.i.3  Abandoned Underground Mines,CH4,Zenodo data package (mirror of the DI)
SVK,2017,0.498,kt,1.B.1.a.i.3  Abandoned Underground Mines,CH4,Zenodo data package (mirror of the DI)
SVK,2018,0.837,kt,1.B.1.a.i.3  Abandoned Underground Mines,CH4,Zenodo data package (mirror of the DI)
SVK,2019,0.713087228,kt,1.B.1.a.i.3  Abandoned Underground Mines,CH4,Zenodo data package (mirror of the DI)
SVK,2020,0.6874439781971,kt,1.B.1.a.i.3  Abandoned Underground Mines,CH4,Zenodo data package (mirror of the DI)
SVK,2021,0.77455978031985,kt,1.B.1.a.i.3  Abandoned Underground Mines,CH4,Zenodo data package (mirror of the DI)
SVN,1990,0.01448876196587,kt,1.B.1.a.i.3  Abandoned Underground Mines,CH4,Zenodo data package (mirror of the DI)
SVN,1991,0.01291004186288,kt,1.B.1.a.i.3  Abandoned Underground Mines,CH4,Zenodo data package (mirror of the DI)
SVN,1992,0.01175484787171,kt,1.B.1.a.i.3  Abandoned Underground Mines,CH4,Zenodo data package (mirror of the DI)
SVN,1993,0.01086178447697,kt,1.B.1.a.i.3  Abandoned Underground Mines,CH4,Zenodo data package (mirror of the DI)
SVN,1994,0.01014327997855,kt,1.B.1.a.i.3  Abandoned Underground Mines,CH4,Zenodo data package (mirror of the DI)
SVN,1995,0.00954759022717,kt,1.B.1.a.i.3  Abandoned Underground Mines,CH4,Zenodo data package (mirror of the DI)
SVN,1996,0.09565626835154,kt,1.B.1.a.i.3  Abandoned Underground Mines,CH4,Zenodo data package (mirror of the DI)
SVN,1997,0.08003372510487,kt,1.B.1.a.i.3  Abandoned Underground Mines,CH4,Zenodo data package (mirror of the DI)
SVN,1998,0.37608189727492,kt,1.B.1.a.i.3  Abandoned Underground Mines,CH4,Zenodo data package (mirror of the DI)
SVN,1999,0.31401270326763,kt,1.B.1.a.i.3  Abandoned Underground Mines,CH4,Zenodo data package (mirror of the DI)
SVN,2000,0.26985398897281,kt,1.B.1.a.i.3  Abandoned Underground Mines,CH4,Zenodo data package (mirror of the DI)
SVN,2001,0.23678417455352,kt,1.B.1.a.i.3  Abandoned Underground Mines,CH4,Zenodo data package (mirror of the DI)
SVN,2002,0.21106720570784,kt,1.B.1.a.i.3  Abandoned Underground Mines,CH4,Zenodo data package (mirror of the DI)
SVN,2003,0.19048144871292,kt,1.B.1.a.i.3  Abandoned Underground Mines,CH4,Zenodo data package (mirror of the DI)
SVN,2004,0.17362128643806,kt,1.B.1.a.i.3  Abandoned Underground Mines,CH4,Zenodo data package (mirror of the DI)
SVN,2005,0.15955316994839,kt,1.B.1.a.i.3  Abandoned Underground Mines,CH4,Zenodo data package (mirror of the DI)
SVN,2006,0.14763237950263,kt,1.B.1.a.i.3  Abandoned Underground Mines,CH4,Zenodo data package (mirror of the DI)
SVN,2007,0.13739911725849,kt,1.B.1.a.i.3  Abandoned Underground Mines,CH4,Zenodo data package (mirror of the DI)
SVN,2008,0.12851651231582,kt,1.B.1.a.i.3  Abandoned Underground Mines,CH4,Zenodo data package (mirror of the DI)
SVN,2009,0.12073203478971,kt,1.B.1.a.i.3  Abandoned Underground Mines,CH4,Zenodo data package (mirror of the DI)
SVN,2010,0.11385260577152,kt,1.B.1.a.i.3  Abandoned Underground Mines,CH4,Zenodo data package (mirror of the DI)
SVN,2011,0.10772804235927,kt,1.B.1.a.i.3  Abandoned Underground Mines,CH4,Zenodo data package (mirror of the DI)
SVN,2012,0.10223975008546,kt,1.B.1.a.i.3  Abandoned Underground Mines,CH4,Zenodo data package (mirror of the DI)
SVN,2013,0.09729281767336,kt,1.B.1.a.i.3  Abandoned Underground Mines,CH4,Zenodo data package (mirror of the DI)
SVN,2014,0.26761352523853,kt,1.B.1.a.i.3  Abandoned Underground Mines,CH4,Zenodo data package (mirror of the DI)
SVN,2015,0.232885340226,kt,1.B.1.a.i.3  Abandoned Underground Mines,CH4,Zenodo data package (mirror of the DI)
SVN,2016,0.20765009712622,kt,1.B.1.a.i.3  Abandoned Underground Mines,CH4,Zenodo data package (mirror of the DI)
SVN,2017,0.18830377232651,kt,1.B.1.a.i.3  Abandoned Underground Mines,CH4,Zenodo data package (mirror of the DI)
SVN,2018,0.172885640521,kt,1.B.1.a.i.3  Abandoned Underground Mines,CH4,Zenodo data package (mirror of the DI)
SVN,2019,0.16023377236362,kt,1.B.1.a.i.3  Abandoned Underground Mines,CH4,Zenodo data package (mirror of the DI)
SVN,2020,0.14961347168944,kt,1.B.1.a.i.3  Abandoned Underground Mines,CH4,Zenodo data package (mirror of the DI)
SVN,2021,0.14053588918152,kt,1.B.1.a.i.3  Abandoned Underground Mines,CH4,Zenodo data package (mirror of the DI)
TUR,1990,11.52735,kt,1.B.1.a.i.3  Abandoned Underground Mines,CH4,Zenodo data package (mirror of the DI)
TUR,1991,8.0535104259215,kt,1.B.1.a.i.3  Abandoned Underground Mines,CH4,Zenodo data package (mirror of the DI)
TUR,1992,6.558911062484,kt,1.B.1.a.i.3  Abandoned Underground Mines,CH4,Zenodo data package (mirror of the DI)
TUR,1993,5.59146352288565,kt,1.B.1.a.i.3  Abandoned Underground Mines,CH4,Zenodo data package (mirror of the DI)
TUR,1994,4.89762298794319,kt,1.B.1.a.i.3  Abandoned Underground Mines,CH4,Zenodo data package (mirror of the DI)
TUR,1995,8.21380619664785,kt,1.B.1.a.i.3  Abandoned Underground Mines,CH4,Zenodo data package (mirror of the DI)
TUR,1996,10.82484444631314,kt,1.B.1.a.i.3  Abandoned Underground Mines,CH4,Zenodo data package (mirror of the DI)
TUR,1997,9.14176214370298,kt,1.B.1.a.i.3  Abandoned Underground Mines,CH4,Zenodo data package (mirror of the DI)
TUR,1998,7.96121279795085,kt,1.B.1.a.i.3  Abandoned Underground Mines,CH4,Zenodo data package (mirror of the DI)
TUR,1999,7.07934821438842,kt,1.B.1.a.i.3  Abandoned Underground Mines,CH4,Zenodo data package (mirror of the DI)
TUR,2000,10.23390186973885,kt,1.B.1.a.i.3  Abandoned Underground Mines,CH4,Zenodo data package (mirror of the DI)
TUR,2001,8.86314995855879,kt,1.B.1.a.i.3  Abandoned Underground Mines,CH4,Zenodo data package (mirror of the DI)
TUR,2002,15.56074216046249,kt,1.B.1.a.i.3  Abandoned Underground Mines,CH4,Zenodo data package (mirror of the DI)
TUR,2003,13.17062505105136,kt,1.B.1.a.i.3  Abandoned Underground Mines,CH4,Zenodo data package (mirror of the DI)
TUR,2004,15.34857412907495,kt,1.B.1.a.i.3  Abandoned Underground Mines,CH4,Zenodo data package (mirror of the DI)
TUR,2005,13.29128688624876,kt,1.B.1.a.i.3  Abandoned Underground Mines,CH4,Zenodo data package (mirror of the DI)
TUR,2006,11.79306728681164,kt,1.B.1.a.i.3  Abandoned Underground Mines,CH4,Zenodo data package (mirror of the DI)
TUR,2007,10.64035828255699,kt,1.B.1.a.i.3  Abandoned Underground Mines,CH4,Zenodo data package (mirror of the DI)
TUR,2008,9.71932744211177,kt,1.B.1.a.i.3  Abandoned Underground Mines,CH4,Zenodo data package (mirror of the DI)
TUR,2009,8.96273127259281,kt,1.B.1.a.i.3  Abandoned Underground Mines,CH4,Zenodo data package (mirror of the DI)
TUR,2010,8.32785530792509,kt,1.B.1.a.i.3  Abandoned Underground Mines,CH4,Zenodo data package (mirror of the DI)
TUR,2011,11.62850280938134,kt,1.B.1.a.i.3  Abandoned Underground Mines,CH4,Zenodo data package (mirror of the DI)
TUR,2012,14.18528407094125,kt,1.B.1.a.i.3  Abandoned Underground Mines,CH4,Zenodo data package (mirror of the DI)
TUR,2013,20.11259096703947,kt,1.B.1.a.i.3  Abandoned Underground Mines,CH4,Zenodo data package (mirror of the DI)
TUR,2014,17.21364027028399,kt,1.B.1.a.i.3  Abandoned Underground Mines,CH4,Zenodo data package (mirror of the DI)
TUR,2015,15.18198448132688,kt,1.B.1.a.i.3  Abandoned Underground Mines,CH4,Zenodo data package (mirror of the DI)
TUR,2016,17.50237933829986,kt,1.B.1.a.i.3  Abandoned Underground Mines,CH4,Zenodo data package (mirror of the DI)
TUR,2017,15.4918427499374,kt,1.B.1.a.i.3  Abandoned Underground Mines,CH4,Zenodo data package (mirror of the DI)
TUR,2018,13.99367612860068,kt,1.B.1.a.i.3  Abandoned Underground Mines,CH4,Zenodo data package (mirror of the DI)
TUR,2019,12.81692269693336,kt,1.B.1.a.i.3  Abandoned Underground Mines,CH4,Zenodo data package (mirror of the DI)
TUR,2020,11.85913408261755,kt,1.B.1.a.i.3  Abandoned Underground Mines,CH4,Zenodo data package (mirror of the DI)
TUR,2021,11.05917950393602,kt,1.B.1.a.i.3  Abandoned Underground Mines,CH4,Zenodo data package (mirror of the DI)
UKR,1990,6.0,kt,1.B.1.a.i.3  Abandoned Underground Mines,CH4,Zenodo data package (mirror of the DI)
UKR,1991,5.67,kt,1.B.1.a.i.3  Abandoned Underground Mines,CH4,Zenodo data package (mirror of the DI)
UKR,1992,5.05,kt,1.B.1.a.i.3  Abandoned Underground Mines,CH4,Zenodo data package (mirror of the DI)
UKR,1993,5.05,kt,1.B.1.a.i.3  Abandoned Underground Mines,CH4,Zenodo data package (mirror of the DI)
UKR,1994,5.3,kt,1.B.1.a.i.3  Abandoned Underground Mines,CH4,Zenodo data package (mirror of the DI)
UKR,1995,3.05,kt,1.B.1.a.i.3  Abandoned Underground Mines,CH4,Zenodo data package (mirror of the DI)
UKR,1996,3.05,kt,1.B.1.a.i.3  Abandoned Underground Mines,CH4,Zenodo data package (mirror of the DI)
UKR,1997,3.48,kt,1.B.1.a.i.3  Abandoned Underground Mines,CH4,Zenodo data package (mirror of the DI)
UKR,1998,4.56,kt,1.B.1.a.i.3  Abandoned Underground Mines,CH4,Zenodo data package (mirror of the DI)
UKR,1999,5.44,kt,1.B.1.a.i.3  Abandoned Underground Mines,CH4,Zenodo data package (mirror of the DI)
UKR,2000,5.54,kt,1.B.1.a.i.3  Abandoned Underground Mines,CH4,Zenodo data package (mirror of the DI)
UKR,2001,6.46,kt,1.B.1.a.i.3  Abandoned Underground Mines,CH4,Zenodo data package (mirror of the DI)
UKR,2002,5.7,kt,1.B.1.a.i.3  Abandoned Underground Mines,CH4,Zenodo data package (mirror of the DI)
UKR,2003,4.96,kt,1.B.1.a.i.3  Abandoned Underground Mines,CH4,Zenodo data package (mirror of the DI)
UKR,2004,3.31,kt,1.B.1.a.i.3  Abandoned Underground Mines,CH4,Zenodo data package (mirror of the DI)
UKR,2005,3.28,kt,1.B.1.a.i.3  Abandoned Underground Mines,CH4,Zenodo data package (mirror of the DI)
UKR,2006,2.22,kt,1.B.1.a.i.3  Abandoned Underground Mines,CH4,Zenodo data package (mirror of the DI)
UKR,2007,2.04,kt,1.B.1.a.i.3  Abandoned Underground Mines,CH4,Zenodo data package (mirror of the DI)
UKR,2008,1.97,kt,1.B.1.a.i.3  Abandoned Underground Mines,CH4,Zenodo data package (mirror of the DI)
UKR,2009,1.97,kt,1.B.1.a.i.3  Abandoned Underground Mines,CH4,Zenodo data package (mirror of the DI)
UKR,2010,1.97,kt,1.B.1.a.i.3  Abandoned Underground Mines,CH4,Zenodo data package (mirror of the DI)
UKR,2011,1.97,kt,1.B.1.a.i.3  Abandoned Underground Mines,CH4,Zenodo data package (mirror of the DI)
UKR,2012,1.943,kt,1.B.1.a.i.3  Abandoned Underground Mines,CH4,Zenodo data package (mirror of the DI)
UKR,2013,1.98656266882766,kt,1.B.1.a.i.3  Abandoned Underground Mines,CH4,Zenodo data package (mirror of the DI)
UKR,2014,2.49663108755273,kt,1.B.1.a.i.3  Abandoned Underground Mines,CH4,Zenodo data package (mirror of the DI)
UKR,2015,3.24900153007526,kt,1.B.1.a.i.3  Abandoned Underground Mines,CH4,Zenodo data package (mirror of the DI)
UKR,2016,2.81061239821558,kt,1.B.1.a.i.3  Abandoned Underground Mines,CH4,Zenodo data package (mirror of the DI)
UKR,2017,3.6048113591139,kt,1.B.1.a.i.3  Abandoned Underground Mines,CH4,Zenodo data package (mirror of the DI)
UKR,2018,3.57097322568531,kt,1.B.1.a.i.3  Abandoned Underground Mines,CH4,Zenodo data package (mirror of the DI)
UKR,2019,3.69922486428231,kt,1.B.1.a.i.3  Abandoned Underground Mines,CH4,Zenodo data package (mirror of the DI)
UKR,2020,4.30547939,kt,1.B.1.a.i.3  Abandoned Underground Mines,CH4,Zenodo data package (mirror of the DI)
UKR,2021,4.21107133499969,kt,1.B.1.a.i.3  Abandoned Underground Mines,CH4,Zenodo data package (mirror of the DI)
USA,1990,287.7575331754011,kt,1.B.1.a.i.3  Abandoned Underground Mines,CH4,Zenodo data package (mirror of the DI)
USA,1991,293.55872806764125,kt,1.B.1.a.i.3  Abandoned Underground Mines,CH4,Zenodo data package (mirror of the DI)
USA,1992,316.73398201113224,kt,1.B.1.a.i.3  Abandoned Underground Mines,CH4,Zenodo data package (mirror of the DI)
USA,1993,327.7759099401013,kt,1.B.1.a.i.3  Abandoned Underground Mines,CH4,Zenodo data package (mirror of the DI)
USA,1994,387.4293626856185,kt,1.B.1.a.i.3  Abandoned Underground Mines,CH4,Zenodo data package (mirror of the DI)
USA,1995,392.2414271681979,kt,1.B.1.a.i.3  Abandoned Underground Mines,CH4,Zenodo data package (mirror of the DI)
USA,1996,403.38472410007506,kt,1.B.1.a.i.3  Abandoned Underground Mines,CH4,Zenodo data package (mirror of the DI)
USA,1997,359.7959630977832,kt,1.B.1.a.i.3  Abandoned Underground Mines,CH4,Zenodo data package (mirror of the DI)
USA,1998,329.4022426378536,kt,1.B.1.a.i.3  Abandoned Underground Mines,CH4,Zenodo data package (mirror of the DI)
USA,1999,332.4582450260973,kt,1.B.1.a.i.3  Abandoned Underground Mines,CH4,Zenodo data package (mirror of the DI)
USA,2000,350.1604529958976,kt,1.B.1.a.i.3  Abandoned Underground Mines,CH4,Zenodo data package (mirror of the DI)
USA,2001,318.9069118661043,kt,1.B.1.a.i.3  Abandoned Underground Mines,CH4,Zenodo data package (mirror of the DI)
USA,2002,293.2916084050769,kt,1.B.1.a.i.3  Abandoned Underground Mines,CH4,Zenodo data package (mirror of the DI)
USA,2003,286.3484482194102,kt,1.B.1.a.i.3  Abandoned Underground Mines,CH4,Zenodo data package (mirror of the DI)
USA,2004,275.9587604244911,kt,1.B.1.a.i.3  Abandoned Underground Mines,CH4,Zenodo data package (mirror of the DI)
USA,2005,263.63841104755306,kt,1.B.1.a.i.3  Abandoned Underground Mines,CH4,Zenodo data package (mirror of the DI)
USA,2006,260.7947595385297,kt,1.B.1.a.i.3  Abandoned Underground Mines,CH4,Zenodo data package (mirror of the DI)
USA,2007,253.81340613624545,kt,1.B.1.a.i.3  Abandoned Underground Mines,CH4,Zenodo data package (mirror of the DI)
USA,2008,252.82749215153797,kt,1.B.1.a.i.3  Abandoned Underground Mines,CH4,Zenodo data package (mirror of the DI)
USA,2009,254.380047379673,kt,1.B.1.a.i.3  Abandoned Underground Mines,CH4,Zenodo data package (mirror of the DI)
USA,2010,263.0866435546311,kt,1.B.1.a.i.3  Abandoned Underground Mines,CH4,Zenodo data package (mirror of the DI)
USA,2011,257.3417696115252,kt,1.B.1.a.i.3  Abandoned Underground Mines,CH4,Zenodo data package (mirror of the DI)
USA,2012,248.5707262957185,kt,1.B.1.a.i.3  Abandoned Underground Mines,CH4,Zenodo data package (mirror of the DI)
USA,2013,248.81481327401244,kt,1.B.1.a.i.3  Abandoned Underground Mines,CH4,Zenodo data package (mirror of the DI)
USA,2014,253.02042160204928,kt,1.B.1.a.i.3  Abandoned Underground Mines,CH4,Zenodo data package (mirror of the DI)
USA,2015,256.11254270911576,kt,1.B.1.a.i.3  Abandoned Underground Mines,CH4,Zenodo data package (mirror of the DI)
USA,2016,268.01947805319617,kt,1.B.1.a.i.3  Abandoned Underground Mines,CH4,Zenodo data package (mirror of the DI)
USA,2017,257.41163960632497,kt,1.B.1.a.i.3  Abandoned Underground Mines,CH4,Zenodo data package (mirror of the DI)
USA,2018,247.48483935209262,kt,1.B.1.a.i.3  Abandoned Underground Mines,CH4,Zenodo data package (mirror of the DI)
USA,2019,236.87963859638919,kt,1.B.1.a.i.3  Abandoned Underground Mines,CH4,Zenodo data package (mirror of the DI)
USA,2020,231.90787040083546,kt,1.B.1.a.i.3  Abandoned Underground Mines,CH4,Zenodo data package (mirror of the DI)
USA,2021,227.5878690085398,kt,1.B.1.a.i.3  Abandoned Underground Mines,CH4,Zenodo data package (mirror of the DI)
