party,1990,1991,1992,1993,1994,1995,1996,1997,1998,1999,2000,2001,2002,2003,2004,2005,2006,2007,2008,2009,2010,2011,2012,2013,2014,2015,2016,2017,2018,2019,2020,2021
AUS,18.7839064991014,14.917756426991,33.2887133176758,55.7915100947233,50.9350639031635,40.4780121414054,39.4854671020537,32.8945477185562,27.5274524210329,25.9042292141079,38.7530028497167,44.9436159060135,57.3478742086838,91.4619517220179,69.0874545580729,69.7888109608365,56.494429335041,57.9824919964446,66.3018068682815,58.4348295589591,47.4265829340018,29.5730146255819,25.0532964803989,41.6925269959595,34.7575095198171,28.2869871663452,24.4330147233364,44.305091123444,41.0377733621316,34.9927238195939,29.4103815076599,
BEL,1.6013,1.57115,2.33696,2.5393,2.45488,2.38185,2.31619,2.25656,2.20564,2.15807,2.11787,2.07566,2.03881,2.00397,1.97114,1.93831,1.91151,1.88069,1.85523,1.83044,1.80565,1.7822,1.75875,1.73932,1.71721,1.69912,1.68103,1.64485,1.6281,1.61135,1.59527,1.57919
BGR,0.14754961555158,0.13585595509225,0.12644582349928,0.11865456228304,0.11206004276252,0.10638009034874,0.10141813857185,0.09703252852046,0.09311823135084,0.18802067649248,0.1675712596424,0.15255103769027,9.5891049832007,11.72717619656961,9.89019787583287,8.65419324649488,7.61475022621639,6.90227659942566,6.23269978962149,5.68386236736645,5.22528177745251,4.83613001052912,4.50161049479894,4.21089092115187,3.95584535250886,5.10915674250384,7.44810091450905,10.33141216758788,9.07012784509914,8.1371958232114,7.41217766264418,6.82830187663427
CAN,7.67632647936784,7.30924135869187,7.00366170315375,20.6678000179459,17.4259936674194,15.9438758858626,14.7163156313958,13.9412053086924,13.228647414168,12.637500803084,21.8897456134046,20.3801811554525,20.1706650828291,18.7118595597118,17.6693950471579,6.67361512748708,6.45731108712094,6.29874859346445,6.13430216663162,5.99058948069905,5.86209640927809,5.74567060045856,5.63912500669121,5.540859204836,2.26135985549134,2.22899716317084,2.89473458815351,3.04810878352439,2.62689415418064,2.54135306055017,2.47165101478691,2.41283796880035
CZE,2.86157,4.599885,6.729815,9.904945,11.95079,13.134345,13.03686,12.432185,11.915615,11.957155,12.02516,11.62919,11.265045,12.12298,11.634215,10.662648,10.0808535,8.472284,7.74679125,5.6452525,4.39587,3.2193165,3.1453485,3.075903,3.015804,2.9586195,3.034296,3.2964,3.2964,3.2964,3.558504,3.689556
DEU,142.86228872,140.72567604,155.18305539,154.05678534,151.61994971,173.93632089,171.43203706,168.94875345,173.82039776,171.03363386,201.44328738,168.35126373,132.19891773,98.56483778,65.2128751,32.11862947,3.76420411,2.95516497,2.93380052,3.05442789,2.73948851,3.05615514,2.84915079,2.75286486,2.6529,2.7246,2.9397,2.6529,2.5812,2.5812,2.5095,2.3661
ESP,,,,0.453902438,0.355593921,0.305032457,0.726587248,0.605208878,0.537077431,0.490744478,0.456183362,0.882844778,0.762257868,0.6929858,0.644604315,0.607575238,0.577695718,0.552740237,0.531385103,0.512777357,0.496334299,0.481639778,0.468386036,0.456339001,0.8992,0.790767808,0.7308,0.689767999,0.658575575,0.633405681,1.066189619,0.949675666
FRA,,,,,,,,,,,,,,,22.4490069005175,14.807,9.447,1.407,1.407,1.407,1.407,1.072,0.469,0.536,0.402,0.402,0.402,0.402,0.402,0.402,0.402,0.0469
GBR,51.1955237575006,56.7279883783191,83.6766258079713,101.857789560895,91.4421668694385,95.7310452715012,82.6077941440762,87.3138190724458,75.2424192081716,64.7999085415176,58.1660501357006,43.4767406517355,37.4074859785504,25.9658198940734,18.1731690182838,20.7224701121071,27.2768965661678,23.5457307237454,22.4337442669756,17.2964196448677,17.452676794352,18.46851421928,18.1299842633232,18.089232321373,17.513617008459,17.6586385627831,17.9005734741649,17.6561009565683,17.0319337641298,16.7818273259124,16.4972685718468,16.3397749563174
HUN,10.79169,9.40144,8.47081,7.78205,7.03701,6.00119,5.68562,4.56404,4.34897,4.16003,3.99856,3.39288,2.83209,2.74231,2.66526,2.18487,2.1306,2.07566,2.02809,1.8157,1.77215,1.38824,1.35876,1.32928,1.30516,1.28104,1.25692,1.17652,1.15776,1.139,1.12292,1.10684
IRL,2.0396877,1.7900725,1.6223849,1.4977582,1.402712,1.3258898,1.2608596,1.2056583,1.1584166,1.1165349,1.0808306,1.0475249,1.0169997,0.9898714,0.9659591,0.9418659,0.9218061,0.9011098,0.883194,0.8663502,0.8493255,0.8346257,0.8199259,0.8058626,0.7934877,0.7815684,0.7696491,0.7345813,0.724806,0.7150307,0.7065083,0.697805
ITA,,,,,0.1206,0.0628480298987,0.04923608130986,0.04223526333468,0.03775635828297,0.03456207098496,,,,,,,,,,,,,,,,,0.97686,0.50906904217943,0.39881225860988,0.34210563301091,0.30582650209208,0.27995277497817
JPN,33.57812414916781,32.21974832759993,31.48064722022394,30.28491851406792,29.68634960089038,29.08393087141851,28.02391038345242,27.08354505819172,26.23055508614871,25.44639089045386,24.71906447972995,24.04016298231122,23.40341929790983,22.80395368737523,22.23783767597163,21.70182651259929,21.19318603236482,20.7095754829522,20.24896515932819,19.80957659931006,19.38983793437652,18.98834974490064,18.60385839996838,18.23523486201323,17.88145756911361,17.5415984193095,17.21481115581026,16.90032163932971,16.59741962436134,16.30545174896036,16.023815514652,15.75195408234439
KAZ,,,,,,,,4.93254,4.69134,4.48029,4.29939,5.97506,5.75731,5.56569,5.4002,5.23471,5.09535,4.95599,4.83405,4.72082,4.60759,4.51178,4.41597,4.32016,4.24177,4.16338,4.08499,4.02402,3.96305,3.92821,3.89337,3.84982
NOR,3.84714,3.51884,3.29372,3.12287,2.99021,2.88234,2.7872,2.70479,2.63511,2.57012,2.51652,2.46225,2.41468,2.36979,2.33093,2.28939,2.25656,2.21971,2.18956,2.16075,2.12926,2.10313,2.077,2.05288,2.02809,2.00665,1.98521,1.9631,1.94099,1.92223,1.90414,1.88538
NZL,,,,,,,,,,,,,,,,,,,,,,,0.731447221248,2.95881560162624,2.06150603692474,0.95625812736,1.10878098990545,,,,,
POL,,,,,,0.61707,1.1591,1.64418,2.08504,1.99124,4.7771,103.74615,51.39168,37.77728,32.14794,27.96915,25.05063,22.88385,21.20349,19.81056,18.68295,17.71011,16.86993,16.1403,15.49911,17.1855,18.34728,19.22096,21.40516,21.40516,21.40516,21.40516
PRT,0.44521165,0.437443,0.4303008,0.81118575,0.7746339,1.07745045,1.0307682,0.9907759,0.95647525,0.9257926,0.8997095,0.87481565,0.852173,0.8318787,0.8137552,0.79545415,0.78030545,0.76435275,0.75065125,0.73767335,0.7245179,0.7129872,0.7014565,0.6907298,0.68082385,0.67154435,0.66226485,0.63698575,0.62915345,0.62132115,0.61439,0.6072813
ROU,30.96670936923131,46.76885033221009,63.05778857894982,52.474157201125,65.12377270683903,94.04175959638621,89.70592048971788,375.6861661637419,381.9218225262142,389.59936404260185,320.29587465693515,283.73113696199414,330.5093727769342,359.55289125368836,344.6463050382079,359.54105249360026,333.63902513385545,295.5641655360971,282.79790042302267,271.82908294886505,255.65206124531738,244.49322554578464,235.28247734475667,227.36107389257091,220.3978452118922,221.5075998807694,212.3997914088034,206.47759747462428,201.38416078434665,211.45241986217854,200.26140679311757,194.7532394592328
SVK,,,,,,,,,,,,,,,,,,,,,,,,,,0.2638125,0.437,0.498,0.837,0.713087228,0.6874439781971,0.77455978031985
SVN,0.01448876196587,0.01291004186288,0.01175484787171,0.01086178447697,0.01014327997855,0.00954759022717,0.09565626835154,0.08003372510487,0.37608189727492,0.31401270326763,0.26985398897281,0.23678417455352,0.21106720570784,0.19048144871292,0.17362128643806,0.15955316994839,0.14763237950263,0.13739911725849,0.12851651231582,0.12073203478971,0.11385260577152,0.10772804235927,0.10223975008546,0.09729281767336,0.26761352523853,0.232885340226,0.20765009712622,0.18830377232651,0.172885640521,0.16023377236362,0.14961347168944,0.14053588918152
TUR,11.52735,8.0535104259215,6.558911062484,5.59146352288565,4.89762298794319,8.21380619664785,10.82484444631314,9.14176214370298,7.96121279795085,7.07934821438842,10.23390186973885,8.86314995855879,15.56074216046249,13.17062505105136,15.34857412907495,13.29128688624876,11.79306728681164,10.64035828255699,9.71932744211177,8.96273127259281,8.32785530792509,11.62850280938134,14.18528407094125,20.11259096703947,17.21364027028399,15.18198448132688,17.50237933829986,15.4918427499374,13.99367612860068,12.81692269693336,11.85913408261755,11.05917950393602
UKR,6.0,5.67,5.05,5.05,5.3,3.05,3.05,3.48,4.56,5.44,5.54,6.46,5.7,4.96,3.31,3.28,2.22,2.04,1.97,1.97,1.97,1.97,1.943,1.98656266882766,2.49663108755273,3.24900153007526,2.81061239821558,3.6048113591139,3.57097322568531,3.69922486428231,4.30547939,4.21107133499969
USA,287.7575331754011,293.55872806764125,316.73398201113224,327.7759099401013,387.4293626856185,392.2414271681979,403.38472410007506,359.7959630977832,329.4022426378536,332.4582450260973,350.1604529958976,318.9069118661043,293.2916084050769,286.3484482194102,275.9587604244911,263.63841104755306,260.7947595385297,253.81340613624545,252.82749215153797,254.380047379673,263.0866435546311,257.3417696115252,248.5707262957185,248.81481327401244,253.02042160204928,256.11254270911576,268.01947805319617,257.41163960632497,247.48483935209262,236.87963859638919,231.90787040083546,227.5878690085398
