Code,Year,Production
CHN,2025,4729000
IND,2025,1089000
AUS,2025,445000
MNG,2025,105000
IDN,2025,778000
USA,2025,473000
RUS,2025,426000
COL,2025,67000
CAN,2025,50000
THA,2025,13800
VNM,2025,48180
PHL,2025,15000
LAO,2025,17600
ZWE,2025,5140
MOZ,2025,13160
ZMB,2025,2310
ETH,2025,460
TZA,2025,2580
ZAF,2025,233000
DEU,2025,91480
POL,2025,82520
BGR,2025,16530
CZE,2025,25320
CHN,2026,4654000
IND,2026,1212000
AUS,2026,428000
MNG,2026,100920
IDN,2026,738000
USA,2026,424000
RUS,2026,415000
COL,2026,60000
CAN,2026,48957
THA,2026,13800
VNM,2026,48180
PHL,2026,15000
LAO,2026,19360
ZWE,2026,5890
MOZ,2026,14660
ZMB,2026,2310
ETH,2026,460
TZA,2026,2580
ZAF,2026,233499
DEU,2026,79550
POL,2026,71759
BGR,2026,16360
CZE,2026,25060
CHN,2027,4562000
IND,2027,1154000
AUS,2027,438000
MNG,2027,97000
IDN,2027,714000
USA,2027,457000
RUS,2027,425000
COL,2027,58000
CAN,2027,47936
THA,2027,13800
VNM,2027,48180
PHL,2027,15000
LAO,2027,21296
ZWE,2027,5890
MOZ,2027,14660
ZMB,2027,2310
ETH,2027,460
TZA,2027,2580
ZAF,2027,234000
DEU,2027,69177
POL,2027,62401
BGR,2027,15380
CZE,2027,23560
CHN,2028,4521286
IND,2028,1195490
AUS,2028,428111
MNG,2028,98638
IDN,2028,698715
USA,2028,431359
RUS,2028,423997
COL,2028,50142
CAN,2028,46937
THA,2028,13800
VNM,2028,48180
PHL,2028,15000
LAO,2028,23425
ZWE,2028,6496
MOZ,2028,15822
ZMB,2028,2310
ETH,2028,460
TZA,2028,2580
ZAF,2028,231984
DEU,2028,62039
POL,2028,55963
BGR,2028,14760
CZE,2028,22768
CHN,2029,4479954
IND,2029,1238472
AUS,2029,418446
MNG,2029,100305
IDN,2029,684717
USA,2029,408049
RUS,2029,422997
COL,2029,46970
CAN,2029,45958
THA,2029,13800
VNM,2029,48180
PHL,2029,15000
LAO,2029,25768
ZWE,2029,7164
MOZ,2029,17077
ZMB,2029,2310
ETH,2029,460
TZA,2029,2580
ZAF,2029,229984
DEU,2029,55638
POL,2029,50189
BGR,2029,14165
CZE,2029,22003
CHN,2030,4438000
IND,2030,1283000
AUS,2030,410000
MNG,2030,102000
IDN,2030,671000
USA,2030,386000
RUS,2030,422000
COL,2030,50000
CAN,2030,45000
THA,2030,13800
VNM,2030,48180
PHL,2030,15000
LAO,2030,40344
ZWE,2030,7901
MOZ,2030,18431
ZMB,2030,2310
ETH,2030,460
TZA,2030,2580
ZAF,2030,228000
DEU,2030,49898
POL,2030,45010
BGR,2030,13594
CZE,2030,21264
