Country,year_frac_0_prod,year_frac_1_prod,year_frac_2_prod,production_year_frac_0_1_sum
China,391.64028333333397,352.25593999999955,2167.1432366666677,743.8962233333335
Indonesia,192.4954396666665,366.70798133333335,99.53492500000003,559.2034209999998
India,102.46419166666662,79.44955000000004,471.51155833333354,181.91374166666668
Russia,66.50216666666665,110.03208333333335,187.65374999999997,176.53425
United States,31.28316666666666,90.1126666666666,278.0211666666662,121.39583333333326
Australia,6.665,38.95816666666666,534.5828333333335,45.62316666666666
Canada,42.21425,1.0644166666666666,5.882333333333333,43.278666666666666
Vietnam,26.6675,2.5775,2.3899999999999997,29.245
Poland,3.966166666666667,19.278166666666667,17.030666666666665,23.244333333333334
Kazakhstan,0.0,21.224166666666665,72.66583333333334,21.224166666666665
Colombia,0.35666666666666663,17.930833333333332,26.1925,18.287499999999998
Mongolia,7.11,1.1883333333333332,63.87966666666667,8.298333333333334
Venezuela,0.6666666666666666,7.333333333333333,0.0,8.0
Laos,7.7,0.0,0.0,7.7
Ukraine,2.6091666666666664,3.8000000000000003,11.740833333333336,6.409166666666667
Malaysia,0.77175,2.058,0.25725,2.8297499999999998
Brazil,1.053,1.3853333333333333,8.436666666666667,2.4383333333333335
Bosnia and Herzegovina,1.873333333333333,0.32,3.1566666666666663,2.193333333333333
Mozambique,1.0025,1.1141666666666667,10.583333333333332,2.1166666666666667
Tajikistan,2.1049,0.0,0.0,2.1049
New Zealand,1.469,0.24,0.72,1.709
South Africa,0.0,1.6082499999999997,248.64975,1.6082499999999997
Uzbekistan,1.4,0.0,0.0,1.4
Mexico,0.035,1.0316666666666667,9.108333333333333,1.0666666666666667
Türkiye,0.5509999999999999,0.509,0.0,1.06
North Korea,0.78,0.09999999999999999,0.19999999999999998,0.88
Czech Republic,0.0,0.685,0.685,0.685
South Korea,0.5700000000000001,0.0,0.0,0.5700000000000001
Kyrgyzstan,0.50005,0.0,0.0,0.50005
Bulgaria,0.3816666666666667,0.08333333333333333,0.375,0.465
Pakistan,0.35,0.0,0.0,0.35
Zimbabwe,0.049999999999999996,0.29416666666666663,3.785833333333333,0.3441666666666666
Bangladesh,0.33999999999999997,0.0,0.6799999999999999,0.33999999999999997
Serbia,0.31021,0.0,0.0,0.31021
Romania,0.3,0.0,0.0,0.3
Tanzania,0.1875,0.0625,0.5,0.25
Georgia,0.18,0.0,0.0,0.18
Norway,0.117,0.0,0.0,0.117
United Kingdom,0.1,0.0,0.0,0.1
Japan,0.01625,0.04875,0.13,0.065
Peru,0.056743,0.0,0.0,0.056743
Malawi,0.013999999999999999,0.005999999999999999,0.020999999999999994,0.019999999999999997
Argentina,0.0,0.010499999999999999,0.0525,0.010499999999999999
Niger,0.0,0.008333333333333333,0.09166666666666667,0.008333333333333333
Eswatini,0.0,0.0005,0.0055,0.0005
Botswana,0.0,0.0,3.4000000000000004,0.0
Philippines,0.0,0.0,0.0,0.0
World,896.854567666667,1121.4786379999996,4229.067803333333,2018.3332056666668
