Country,% Coal Production with Favourable Conditions for Satellite Methane Monitoring
China,74.44568397113609
Indonesia,15.109933345219293
India,72.15997885807809
Russia,51.52661537447691
United States,69.60674349531106
Australia,92.13672959833806
Canada,11.965446865062415
Vietnam,7.554923344397027
Poland,42.2859507552245
Kazakhstan,77.39464621720454
Colombia,58.886016187050366
Mongolia,88.50296027413708
Venezuela,0.0
Laos,0.0
Ukraine,64.68778696051425
Malaysia,8.333333333333334
Brazil,77.5785440613027
Bosnia and Herzegovina,59.00311526479751
Mozambique,83.33333333333333
Tajikistan,0.0
New Zealand,29.641827912721283
South Africa,99.3573632011764
Uzbekistan,0.0
Mexico,89.51678951678952
Türkiye,0.0
North Korea,18.51851851851852
Czech Republic,49.99999999999999
South Korea,0.0
Kyrgyzstan,0.0
Bulgaria,44.64285714285714
Pakistan,0.0
Zimbabwe,91.66666666666667
Bangladesh,66.66666666666667
Serbia,0.0
Romania,0.0
Tanzania,66.66666666666667
Georgia,0.0
Norway,0.0
United Kingdom,0.0
Japan,66.66666666666667
Peru,0.0
Malawi,51.21951219512195
Argentina,83.33333333333333
Niger,91.66666666666667
Eswatini,91.66666666666666
Botswana,100.0
Philippines,NaN
World,67.69323431041072
