COUNTRY_CODE,YEAR,CH4_RAW,ACTIVITY_DATA,IEF_CH4,IEF_CO2,EMISSIONS_CH4_KT,EMISSIONS_CO2_KT,RECOVERY_FLARING_CH4_KT,RECOVERY_FLARING_CO2_KT
AUS,1990,0.000903249970238165,0.000100624932483949,8.976403242628216,2824.2829714610693,0.000903249970238165,0.284193283318837,,
AUS,1991,0.0012363924639698,0.000137738070644851,8.976403242628255,2824.2829714610807,0.0012363924639698,0.389011287444156,,
AUS,1992,0.00239424937622641,0.000266727029915089,8.976403242628262,2824.282971461084,0.00239424937622641,0.753312608617577,,
AUS,1993,0.00593465030425838,0.000661139004548636,8.976403242628235,2824.2829714610766,0.00593465030425838,1.86724363231544,,
AUS,1994,0.00667207484601908,0.0007432904545034171,8.976403242628225,2824.2829714610834,0.00667207484601908,2.09926257350357,,
AUS,1995,0.0082520706447906,0.000919307034425789,8.976403242628235,2824.2829714610793,0.0082520706447906,2.59638320287314,,
AUS,1996,0.014445295586556,0.00160925207971456,8.97640324262823,2824.282971461086,0.014445295586556,4.54498324552617,,
AUS,1997,0.0242874397701753,0.00270569838650253,8.976403242628237,2824.282971461078,0.0242874397701753,7.64165787890881,,
AUS,1998,0.031998006831652,0.0035646801916937,8.976403242628244,2824.2829714610702,0.031998006831652,10.0676655641051,,
AUS,1999,0.0328035637206409,0.0036544218028062,8.976403242628237,2824.2829714610657,0.0328035637206409,10.3211212682016,,
AUS,2000,0.0333991604084364,0.00372077317670249,8.976403242628237,2824.2829714610825,0.0333991604084364,10.50851632363,,
AUS,2001,0.0288045974050984,0.00320892417893034,8.97640324262822,2824.2829714610775,0.0288045974050984,9.06290991526268,,
AUS,2002,0.0248320785004064,0.00276637288112023,8.976403242628217,2824.282971461079,0.0248320785004064,7.81301982085959,,
AUS,2003,0.0538768882241596,0.00600205747980466,8.976403242628233,2824.282971461079,0.0538768882241596,16.9515087339429,,
AUS,2004,0.17092258921219,0.0190413225199701,8.976403242628253,2824.2829714610834,0.17092258921219,53.77808294725,,
AUS,2005,0.191299574062908,0.0213113837349064,8.976403242628216,2824.2829714610716,0.191299574062908,60.1893781807686,,
AUS,2006,0.213185248539216,0.0237495177942559,8.976403242628251,2824.2829714610825,0.213185248539216,67.0753586867289,,
AUS,2007,0.215933614100231,0.024055694498524703,8.976403242628221,2824.2829714610757,0.215933614100231,67.9400883388532,,
AUS,2008,0.26279742736663,0.0292764730219144,8.976403242628217,2824.2829714610784,0.26279742736663,82.6850442202325,,
AUS,2009,0.57623355864474,0.064194259445504,8.97640324262823,2824.2829714610716,0.57623355864474,181.302753817491,,
AUS,2010,0.77935161797723,0.0868222601984,8.976403242628233,2824.2829714610775,0.77935161797723,245.210631022104,,
AUS,2011,0.530052125549866,0.0590495002533632,8.976403242628232,2824.2829714610725,0.530052125549866,166.77249803886,,
AUS,2012,0.598787145650278,0.066706801094528,8.976403242628237,2824.282971461083,0.598787145650278,188.398882411917,,
AUS,2013,1.84037059131942,0.205023163685389,8.976403242628209,2824.2829714610757,1.84037059131942,579.043429951721,,
AUS,2014,2.48715378640525,0.277076878029939,8.976403242628226,2633.180072538114,2.48715378640525,729.593313789509,,
AUS,2015,2.19040140310911,0.24401771443456,8.976403242628216,2503.8730424543887,2.19040140310911,610.989377054028,,
AUS,2016,2.28032350573666,0.25403532396,8.976403242628242,2705.4326328179122,2.28032350573666,687.275455329854,,
AUS,2017,2.67449949418647,0.297947788428831,8.976403242628235,2708.9585392451195,2.67449949418647,807.12820571348,,
AUS,2018,2.67390952654636,0.297882064148831,8.97640324262824,2703.5016218621513,2.67390952654636,805.32464355001,,
AUS,2019,2.24941356999272,0.250591858363763,8.976403242628242,2719.122198019003,2.24941356999272,681.389884719742,,
AUS,2020,3.47328468058358,0.386935010237645,8.976403242628221,2717.711374424298,3.47328468058358,1051.57767848583,,
AUS,2021,3.3488325403989,0.37307064420809,8.976403242628226,2825.9387596355086,3.3488325403989,1054.27479354983,,
AUS,2022,2.62781333153275,0.29274680075127,8.976403242628262,2793.188950075703,2.62781333153275,817.697129028461,,
AUS,2023,2.57275116864526,0.2866127,8.976403239093244,2805.9315085365306,2.57275116864526,804.215605676728,,
AUS,2024,2.921221509299111,0.32543341,8.97640321962982,2742.3698314040225,2.921221509299111,892.458765714936,,
AUT,1990,NO,,,,,,,
AUT,1991,NO,,,,,,,
AUT,1992,NO,,,,,,,
AUT,1993,NO,,,,,,,
AUT,1994,NO,,,,,,,
AUT,1995,NO,,,,,,,
AUT,1996,NO,,,,,,,
AUT,1997,NO,,,,,,,
AUT,1998,NO,,,,,,,
AUT,1999,NO,,,,,,,
AUT,2000,NO,,,,,,,
AUT,2001,NO,,,,,,,
AUT,2002,NO,,,,,,,
AUT,2003,NO,,,,,,,
AUT,2004,NO,,,,,,,
AUT,2005,NO,,,,,,,
AUT,2006,NO,,,,,,,
AUT,2007,NO,,,,,,,
AUT,2008,NO,,,,,,,
AUT,2009,NO,,,,,,,
AUT,2010,NO,,,,,,,
AUT,2011,NO,,,,,,,
AUT,2012,NO,,,,,,,
AUT,2013,NO,,,,,,,
AUT,2014,NO,,,,,,,
AUT,2015,NO,,,,,,,
AUT,2016,NO,,,,,,,
AUT,2017,NO,,,,,,,
AUT,2018,NO,,,,,,,
AUT,2019,NO,,,,,,,
AUT,2020,NO,,,,,,,
AUT,2021,NO,,,,,,,
AUT,2022,NO,,,,,,,
AUT,2023,NO,,,,,,,
AUT,2024,NO,,,,,,,
BEL,1990,NO,,,,,,,
BEL,1991,NO,,,,,,,
BEL,1992,NO,,,,,,,
BEL,1993,NO,,,,,,,
BEL,1994,NO,,,,,,,
BEL,1995,NO,,,,,,,
BEL,1996,NO,,,,,,,
BEL,1997,NO,,,,,,,
BEL,1998,NO,,,,,,,
BEL,1999,NO,,,,,,,
BEL,2000,NO,,,,,,,
BEL,2001,NO,,,,,,,
BEL,2002,NO,,,,,,,
BEL,2003,NO,,,,,,,
BEL,2004,NO,,,,,,,
BEL,2005,NO,,,,,,,
BEL,2006,NO,,,,,,,
BEL,2007,NO,,,,,,,
BEL,2008,NO,,,,,,,
BEL,2009,NO,,,,,,,
BEL,2010,NO,,,,,,,
BEL,2011,NO,,,,,,,
BEL,2012,NO,,,,,,,
BEL,2013,NO,,,,,,,
BEL,2014,NO,,,,,,,
BEL,2015,NO,,,,,,,
BEL,2016,NO,,,,,,,
BEL,2017,NO,,,,,,,
BEL,2018,NO,,,,,,,
BEL,2019,IE,0.00489,,,,,,
BEL,2020,IE,0.0071,,,,,,
BEL,2021,IE,0.0062,,,,,,
BEL,2022,IE,0.0161,,,,,,
BEL,2023,IE,0.0161,,,,,,
BEL,2024,IE,0.0161,,,,,,
BGR,1988,NO,,,,,,,
BGR,1990,NO,,,,,,,
BGR,1991,NO,,,,,,,
BGR,1992,NO,,,,,,,
BGR,1993,NO,,,,,,,
BGR,1994,NO,,,,,,,
BGR,1995,NO,,,,,,,
BGR,1996,NO,,,,,,,
BGR,1997,NO,,,,,,,
BGR,1998,NO,,,,,,,
BGR,1999,NO,,,,,,,
BGR,2000,NO,,,,,,,
BGR,2001,NO,,,,,,,
BGR,2002,NO,,,,,,,
BGR,2003,NO,,,,,,,
BGR,2004,NO,,,,,,,
BGR,2005,NO,,,,,,,
BGR,2006,NO,,,,,,,
BGR,2007,NO,,,,,,,
BGR,2008,NO,,,,,,,
BGR,2009,NO,,,,,,,
BGR,2010,NO,,,,,,,
BGR,2011,NO,,,,,,,
BGR,2012,NO,,,,,,,
BGR,2013,NO,,,,,,,
BGR,2014,NO,,,,,,,
BGR,2015,NO,,,,,,,
BGR,2016,NO,,,,,,,
BGR,2017,NO,,,,,,,
BGR,2018,NO,,,,,,,
BGR,2019,NO,,,,,,,
BGR,2020,NO,,,,,,,
BGR,2021,NO,,,,,,,
BGR,2022,NO,,,,,,,
BGR,2023,NO,,,,,,,
BGR,2024,NO,,,,,,,
BLR,1990,NO,,,,,,,
BLR,1991,NO,,,,,,,
BLR,1992,NO,,,,,,,
BLR,1993,NO,,,,,,,
BLR,1994,NO,,,,,,,
BLR,1995,NO,,,,,,,
BLR,1996,NO,,,,,,,
BLR,1997,NO,,,,,,,
BLR,1998,NO,,,,,,,
BLR,1999,NO,,,,,,,
BLR,2000,NO,,,,,,,
BLR,2001,NO,,,,,,,
BLR,2002,NO,,,,,,,
BLR,2003,NO,,,,,,,
BLR,2004,NO,,,,,,,
BLR,2005,NO,,,,,,,
BLR,2006,NO,,,,,,,
BLR,2007,NO,,,,,,,
BLR,2008,NO,,,,,,,
BLR,2009,NO,,,,,,,
BLR,2010,NO,,,,,,,
BLR,2011,NO,,,,,,,
BLR,2012,NO,,,,,,,
BLR,2013,NO,,,,,,,
BLR,2014,NO,,,,,,,
BLR,2015,NO,,,,,,,
BLR,2016,NO,,,,,,,
BLR,2017,NO,,,,,,,
BLR,2018,NO,,,,,,,
BLR,2019,NO,,,,,,,
BLR,2020,NO,,,,,,,
BLR,2021,NO,,,,,,,
BLR,2022,NO,,,,,,,
BLR,2023,NO,,,,,,,
BLR,2024,NO,,,,,,,
CHE,1990,NO,,,,,,,
CHE,1991,NO,,,,,,,
CHE,1992,NO,,,,,,,
CHE,1993,NO,,,,,,,
CHE,1994,NO,,,,,,,
CHE,1995,NO,,,,,,,
CHE,1996,NO,,,,,,,
CHE,1997,NO,,,,,,,
CHE,1998,NO,,,,,,,
CHE,1999,NO,,,,,,,
CHE,2000,NO,,,,,,,
CHE,2001,NO,,,,,,,
CHE,2002,NO,,,,,,,
CHE,2003,NO,,,,,,,
CHE,2004,NO,,,,,,,
CHE,2005,NO,,,,,,,
CHE,2006,NO,,,,,,,
CHE,2007,NO,,,,,,,
CHE,2008,NO,,,,,,,
CHE,2009,NO,,,,,,,
CHE,2010,NO,,,,,,,
CHE,2011,NO,,,,,,,
CHE,2012,NO,,,,,,,
CHE,2013,NO,,,,,,,
CHE,2014,NO,,,,,,,
CHE,2015,NO,,,,,,,
CHE,2016,NO,,,,,,,
CHE,2017,NO,,,,,,,
CHE,2018,NO,,,,,,,
CHE,2019,NO,,,,,,,
CHE,2020,NO,,,,,,,
CHE,2021,NO,,,,,,,
CHE,2022,NO,,,,,,,
CHE,2023,NO,,,,,,,
CHE,2024,NO,,,,,,,
COL,1990,NO,,,,,,,
COL,1991,NO,,,,,,,
COL,1992,NO,,,,,,,
COL,1993,NO,,,,,,,
COL,1994,NO,,,,,,,
COL,1995,NO,,,,,,,
COL,1996,NO,,,,,,,
COL,1997,NO,,,,,,,
COL,1998,NO,,,,,,,
COL,1999,NO,,,,,,,
COL,2000,NO,,,,,,,
COL,2001,NO,,,,,,,
COL,2002,NO,,,,,,,
COL,2003,NO,,,,,,,
COL,2004,NO,,,,,,,
COL,2005,NO,,,,,,,
COL,2006,NO,,,,,,,
COL,2007,NO,,,,,,,
COL,2008,NO,,,,,,,
COL,2009,NO,,,,,,,
COL,2010,NO,,,,,,,
COL,2011,NO,,,,,,,
COL,2012,NO,,,,,,,
COL,2013,NO,,,,,,,
COL,2014,NO,,,,,,,
COL,2015,NO,,,,,,,
COL,2016,NO,,,,,,,
COL,2017,NO,,,,,,,
COL,2018,NO,,,,,,,
COL,2019,NO,,,,,,,
COL,2020,NO,,,,,,,
COL,2021,NO,,,,,,,
COL,2022,NO,,,,,,,
COL,2023,NO,,,,,,,
COL,2024,NO,,,,,,,
CZE,1990,NO,,,,,,,
CZE,1991,NO,,,,,,,
CZE,1992,NO,,,,,,,
CZE,1993,NO,,,,,,,
CZE,1994,NO,,,,,,,
CZE,1995,NO,,,,,,,
CZE,1996,NO,,,,,,,
CZE,1997,NO,,,,,,,
CZE,1998,NO,,,,,,,
CZE,1999,NO,,,,,,,
CZE,2000,NO,,,,,,,
CZE,2001,NO,,,,,,,
CZE,2002,NO,,,,,,,
CZE,2003,NO,,,,,,,
CZE,2004,NO,,,,,,,
CZE,2005,NO,,,,,,,
CZE,2006,NO,,,,,,,
CZE,2007,NO,,,,,,,
CZE,2008,NO,,,,,,,
CZE,2009,NO,,,,,,,
CZE,2010,NO,,,,,,,
CZE,2011,NO,,,,,,,
CZE,2012,NO,,,,,,,
CZE,2013,NO,,,,,,,
CZE,2014,NO,,,,,,,
CZE,2015,NO,,,,,,,
CZE,2016,NO,,,,,,,
CZE,2017,NO,,,,,,,
CZE,2018,NO,,,,,,,
CZE,2019,NO,,,,,,,
CZE,2020,NO,,,,,,,
CZE,2021,NO,,,,,,,
CZE,2022,NO,,,,,,,
CZE,2023,NO,,,,,,,
CZE,2024,NO,,,,,,,
DEU,1990,NO,,,,,,,
DEU,1991,NO,,,,,,,
DEU,1992,NO,,,,,,,
DEU,1993,NO,,,,,,,
DEU,1994,NO,,,,,,,
DEU,1995,NO,,,,,,,
DEU,1996,NO,,,,,,,
DEU,1997,NO,,,,,,,
DEU,1998,NO,,,,,,,
DEU,1999,NO,,,,,,,
DEU,2000,NO,,,,,,,
DEU,2001,NO,,,,,,,
DEU,2002,NO,,,,,,,
DEU,2003,NO,,,,,,,
DEU,2004,NO,,,,,,,
DEU,2005,NO,,,,,,,
DEU,2006,NO,,,,,,,
DEU,2007,NO,,,,,,,
DEU,2008,NO,,,,,,,
DEU,2009,NO,,,,,,,
DEU,2010,NO,,,,,,,
DEU,2011,NO,,,,,,,
DEU,2012,NO,,,,,,,
DEU,2013,NO,,,,,,,
DEU,2014,NO,,,,,,,
DEU,2015,NO,,,,,,,
DEU,2016,NO,,,,,,,
DEU,2017,NO,,,,,,,
DEU,2018,NO,,,,,,,
DEU,2019,NO,,,,,,,
DEU,2020,NO,,,,,,,
DEU,2021,NO,,,,,,,
DEU,2022,NO,,,,,,,
DEU,2023,NO,,,,,,,
DEU,2024,NO,,,,,,,
DNK,1990,NO,,,,,,,
DNK,1991,NO,,,,,,,
DNK,1992,NO,,,,,,,
DNK,1993,NO,,,,,,,
DNK,1994,NO,,,,,,,
DNK,1995,NO,,,,,,,
DNK,1996,NO,,,,,,,
DNK,1997,NO,,,,,,,
DNK,1998,NO,,,,,,,
DNK,1999,NO,,,,,,,
DNK,2000,NO,,,,,,,
DNK,2001,NO,,,,,,,
DNK,2002,NO,,,,,,,
DNK,2003,NO,,,,,,,
DNK,2004,NO,,,,,,,
DNK,2005,NO,,,,,,,
DNK,2006,NO,,,,,,,
DNK,2007,NO,,,,,,,
DNK,2008,NO,,,,,,,
DNK,2009,NO,,,,,,,
DNK,2010,NO,,,,,,,
DNK,2011,NO,,,,,,,
DNK,2012,NO,,,,,,,
DNK,2013,NO,,,,,,,
DNK,2014,NO,,,,,,,
DNK,2015,NO,,,,,,,
DNK,2016,NO,,,,,,,
DNK,2017,NO,,,,,,,
DNK,2018,NO,,,,,,,
DNK,2019,NO,,,,,,,
DNK,2020,NO,,,,,,,
DNK,2021,NO,,,,,,,
DNK,2022,NO,,,,,,,
DNK,2023,NO,,,,,,,
DNK,2024,NO,,,,,,,
ESP,1990,NO,,,,,,,
ESP,1991,NO,,,,,,,
ESP,1992,NO,,,,,,,
ESP,1993,NO,,,,,,,
ESP,1994,NO,,,,,,,
ESP,1995,NO,,,,,,,
ESP,1996,NO,,,,,,,
ESP,1997,NO,,,,,,,
ESP,1998,NO,,,,,,,
ESP,1999,NO,,,,,,,
ESP,2000,NO,,,,,,,
ESP,2001,NO,,,,,,,
ESP,2002,NO,,,,,,,
ESP,2003,NO,,,,,,,
ESP,2004,NO,,,,,,,
ESP,2005,NO,,,,,,,
ESP,2006,NO,,,,,,,
ESP,2007,NO,,,,,,,
ESP,2008,NO,,,,,,,
ESP,2009,NO,,,,,,,
ESP,2010,NO,,,,,,,
ESP,2011,NO,,,,,,,
ESP,2012,NO,,,,,,,
ESP,2013,NO,,,,,,,
ESP,2014,NO,,,,,,,
ESP,2015,NO,,,,,,,
ESP,2016,NO,,,,,,,
ESP,2017,NO,,,,,,,
ESP,2018,NO,,,,,,,
ESP,2019,NO,,,,,,,
ESP,2020,NO,,,,,,,
ESP,2021,NO,,,,,,,
ESP,2022,NO,,,,,,,
ESP,2023,NO,,,,,,,
ESP,2024,NO,,,,,,,
EST,1990,NO,,,,,,,
EST,1991,NO,,,,,,,
EST,1992,NO,,,,,,,
EST,1993,NO,,,,,,,
EST,1994,NO,,,,,,,
EST,1995,NO,,,,,,,
EST,1996,NO,,,,,,,
EST,1997,NO,,,,,,,
EST,1998,NO,,,,,,,
EST,1999,NO,,,,,,,
EST,2000,NO,,,,,,,
EST,2001,NO,,,,,,,
EST,2002,NO,,,,,,,
EST,2003,NO,,,,,,,
EST,2004,NO,,,,,,,
EST,2005,NO,,,,,,,
EST,2006,NO,,,,,,,
EST,2007,NO,,,,,,,
EST,2008,NO,,,,,,,
EST,2009,NO,,,,,,,
EST,2010,NO,,,,,,,
EST,2011,NO,,,,,,,
EST,2012,NO,,,,,,,
EST,2013,NO,,,,,,,
EST,2014,NO,,,,,,,
EST,2015,NO,,,,,,,
EST,2016,NO,,,,,,,
EST,2017,NO,,,,,,,
EST,2018,NO,,,,,,,
EST,2019,NO,,,,,,,
EST,2020,NO,,,,,,,
EST,2021,NO,,,,,,,
EST,2022,NO,,,,,,,
EST,2023,NO,,,,,,,
EST,2024,NO,,,,,,,
FIN,1990,NO,,,,,,,
FIN,1991,NO,,,,,,,
FIN,1992,NO,,,,,,,
FIN,1993,NO,,,,,,,
FIN,1994,NO,,,,,,,
FIN,1995,NO,,,,,,,
FIN,1996,NO,,,,,,,
FIN,1997,NO,,,,,,,
FIN,1998,NO,,,,,,,
FIN,1999,NO,,,,,,,
FIN,2000,NO,,,,,,,
FIN,2001,NO,,,,,,,
FIN,2002,NO,,,,,,,
FIN,2003,NO,,,,,,,
FIN,2004,NO,,,,,,,
FIN,2005,NO,,,,,,,
FIN,2006,NO,,,,,,,
FIN,2007,NO,,,,,,,
FIN,2008,NO,,,,,,,
FIN,2009,NO,,,,,,,
FIN,2010,NO,,,,,,,
FIN,2011,NO,,,,,,,
FIN,2012,NO,,,,,,,
FIN,2013,NO,,,,,,,
FIN,2014,NO,,,,,,,
FIN,2015,NO,,,,,,,
FIN,2016,NO,,,,,,,
FIN,2017,NO,,,,,,,
FIN,2018,NO,,,,,,,
FIN,2019,NO,,,,,,,
FIN,2020,NO,,,,,,,
FIN,2021,NO,,,,,,,
FIN,2022,NO,,,,,,,
FIN,2023,NO,,,,,,,
FIN,2024,NO,,,,,,,
FRA,1990,NO,,,,,,,
FRA,1991,NO,,,,,,,
FRA,1992,NO,,,,,,,
FRA,1993,NO,,,,,,,
FRA,1994,NO,,,,,,,
FRA,1995,NO,,,,,,,
FRA,1996,NO,,,,,,,
FRA,1997,NO,,,,,,,
FRA,1998,NO,,,,,,,
FRA,1999,NO,,,,,,,
FRA,2000,NO,,,,,,,
FRA,2001,NO,,,,,,,
FRA,2002,NO,,,,,,,
FRA,2003,NO,,,,,,,
FRA,2004,NO,,,,,,,
FRA,2005,NO,,,,,,,
FRA,2006,NO,,,,,,,
FRA,2007,NO,,,,,,,
FRA,2008,NO,,,,,,,
FRA,2009,NO,,,,,,,
FRA,2010,NO,,,,,,,
FRA,2011,NO,,,,,,,
FRA,2012,NO,,,,,,,
FRA,2013,NO,,,,,,,
FRA,2014,NO,,,,,,,
FRA,2015,NO,,,,,,,
FRA,2016,NO,,,,,,,
FRA,2017,NO,,,,,,,
FRA,2018,NO,,,,,,,
FRA,2019,NO,,,,,,,
FRA,2020,NO,,,,,,,
FRA,2021,NO,,,,,,,
FRA,2022,NO,,,,,,,
FRA,2023,NO,,,,,,,
FRA,2024,NO,,,,,,,
GBR,1990,NO,,,,,,,
GBR,1991,NO,,,,,,,
GBR,1992,NO,,,,,,,
GBR,1993,NO,,,,,,,
GBR,1994,NO,,,,,,,
GBR,1995,NO,,,,,,,
GBR,1996,NO,,,,,,,
GBR,1997,NO,,,,,,,
GBR,1998,NO,,,,,,,
GBR,1999,NO,,,,,,,
GBR,2000,NO,,,,,,,
GBR,2001,NO,,,,,,,
GBR,2002,NO,,,,,,,
GBR,2003,NO,,,,,,,
GBR,2004,NO,,,,,,,
GBR,2005,NO,,,,,,,
GBR,2006,NO,,,,,,,
GBR,2007,NO,,,,,,,
GBR,2008,NO,,,,,,,
GBR,2009,NO,,,,,,,
GBR,2010,NO,,,,,,,
GBR,2011,NO,,,,,,,
GBR,2012,NO,,,,,,,
GBR,2013,NO,,,,,,,
GBR,2014,NO,,,,,,,
GBR,2015,NO,,,,,,,
GBR,2016,NO,,,,,,,
GBR,2017,NO,,,,,,,
GBR,2018,NO,,,,,,,
GBR,2019,NO,,,,,,,
GBR,2020,NO,,,,,,,
GBR,2021,NO,,,,,,,
GBR,2022,NO,,,,,,,
GBR,2023,NO,,,,,,,
GBR,2024,NO,,,,,,,
GRC,1990,NO,,,,,,,
GRC,1991,NO,,,,,,,
GRC,1992,NO,,,,,,,
GRC,1993,NO,,,,,,,
GRC,1994,NO,,,,,,,
GRC,1995,NO,,,,,,,
GRC,1996,NO,,,,,,,
GRC,1997,NO,,,,,,,
GRC,1998,NO,,,,,,,
GRC,1999,NO,,,,,,,
GRC,2000,NO,,,,,,,
GRC,2001,NO,,,,,,,
GRC,2002,NO,,,,,,,
GRC,2003,NO,,,,,,,
GRC,2004,NO,,,,,,,
GRC,2005,NO,,,,,,,
GRC,2006,NO,,,,,,,
GRC,2007,NO,,,,,,,
GRC,2008,NO,,,,,,,
GRC,2009,NO,,,,,,,
GRC,2010,NO,,,,,,,
GRC,2011,NO,,,,,,,
GRC,2012,NO,,,,,,,
GRC,2013,NO,,,,,,,
GRC,2014,NO,,,,,,,
GRC,2015,NO,,,,,,,
GRC,2016,NO,,,,,,,
GRC,2017,NO,,,,,,,
GRC,2018,NO,,,,,,,
GRC,2019,NO,,,,,,,
GRC,2020,NO,,,,,,,
GRC,2021,NO,,,,,,,
GRC,2022,NO,,,,,,,
GRC,2023,NO,,,,,,,
GRC,2024,NO,,,,,,,
HRV,1990,NO,,,,,,,
HRV,1991,NO,,,,,,,
HRV,1992,NO,,,,,,,
HRV,1993,NO,,,,,,,
HRV,1994,NO,,,,,,,
HRV,1995,NO,,,,,,,
HRV,1996,NO,,,,,,,
HRV,1997,NO,,,,,,,
HRV,1998,NO,,,,,,,
HRV,1999,NO,,,,,,,
HRV,2000,NO,,,,,,,
HRV,2001,NO,,,,,,,
HRV,2002,NO,,,,,,,
HRV,2003,NO,,,,,,,
HRV,2004,NO,,,,,,,
HRV,2005,NO,,,,,,,
HRV,2006,NO,,,,,,,
HRV,2007,NO,,,,,,,
HRV,2008,NO,,,,,,,
HRV,2009,NO,,,,,,,
HRV,2010,NO,,,,,,,
HRV,2011,NO,,,,,,,
HRV,2012,NO,,,,,,,
HRV,2013,NO,,,,,,,
HRV,2014,NO,,,,,,,
HRV,2015,NO,,,,,,,
HRV,2016,NO,,,,,,,
HRV,2017,NO,,,,,,,
HRV,2018,NO,,,,,,,
HRV,2019,NO,,,,,,,
HRV,2020,NO,,,,,,,
HRV,2021,NO,,,,,,,
HRV,2022,NO,,,,,,,
HRV,2023,NO,,,,,,,
HRV,2024,NO,,,,,,,
HUN,1985,NO,,,,,,,
HUN,1990,NO,,,,,,,
HUN,1991,NO,,,,,,,
HUN,1992,NO,,,,,,,
HUN,1993,NO,,,,,,,
HUN,1994,NO,,,,,,,
HUN,1995,NO,,,,,,,
HUN,1996,NO,,,,,,,
HUN,1997,NO,,,,,,,
HUN,1998,NO,,,,,,,
HUN,1999,NO,,,,,,,
HUN,2000,NO,,,,,,,
HUN,2001,NO,,,,,,,
HUN,2002,NO,,,,,,,
HUN,2003,NO,,,,,,,
HUN,2004,NO,,,,,,,
HUN,2005,NO,,,,,,,
HUN,2006,NO,,,,,,,
HUN,2007,NO,,,,,,,
HUN,2008,NO,,,,,,,
HUN,2009,NO,,,,,,,
HUN,2010,NO,,,,,,,
HUN,2011,NO,,,,,,,
HUN,2012,NO,,,,,,,
HUN,2013,NO,,,,,,,
HUN,2014,NO,,,,,,,
HUN,2015,NO,,,,,,,
HUN,2016,NO,,,,,,,
HUN,2017,NO,,,,,,,
HUN,2018,NO,,,,,,,
HUN,2019,NO,,,,,,,
HUN,2020,NO,,,,,,,
HUN,2021,NO,,,,,,,
HUN,2022,NO,,,,,,,
HUN,2023,NO,,,,,,,
HUN,2024,NO,,,,,,,
IRL,1990,NO,,,,,,,
IRL,1991,NO,,,,,,,
IRL,1992,NO,,,,,,,
IRL,1993,NO,,,,,,,
IRL,1994,NO,,,,,,,
IRL,1995,NO,,,,,,,
IRL,1996,NO,,,,,,,
IRL,1997,NO,,,,,,,
IRL,1998,NO,,,,,,,
IRL,1999,NO,,,,,,,
IRL,2000,NO,,,,,,,
IRL,2001,NO,,,,,,,
IRL,2002,NO,,,,,,,
IRL,2003,NO,,,,,,,
IRL,2004,NO,,,,,,,
IRL,2005,NO,,,,,,,
IRL,2006,NO,,,,,,,
IRL,2007,NO,,,,,,,
IRL,2008,NO,,,,,,,
IRL,2009,NO,,,,,,,
IRL,2010,NO,,,,,,,
IRL,2011,NO,,,,,,,
IRL,2012,NO,,,,,,,
IRL,2013,NO,,,,,,,
IRL,2014,NO,,,,,,,
IRL,2015,NO,,,,,,,
IRL,2016,NO,,,,,,,
IRL,2017,NO,,,,,,,
IRL,2018,NO,,,,,,,
IRL,2019,NO,,,,,,,
IRL,2020,NO,,,,,,,
IRL,2021,NO,,,,,,,
IRL,2022,NO,,,,,,,
IRL,2023,NO,,,,,,,
IRL,2024,NO,,,,,,,
ISL,1990,NO,,,,,,,
ISL,1991,NO,,,,,,,
ISL,1992,NO,,,,,,,
ISL,1993,NO,,,,,,,
ISL,1994,NO,,,,,,,
ISL,1995,NO,,,,,,,
ISL,1996,NO,,,,,,,
ISL,1997,NO,,,,,,,
ISL,1998,NO,,,,,,,
ISL,1999,NO,,,,,,,
ISL,2000,NO,,,,,,,
ISL,2001,NO,,,,,,,
ISL,2002,NO,,,,,,,
ISL,2003,NO,,,,,,,
ISL,2004,NO,,,,,,,
ISL,2005,NO,,,,,,,
ISL,2006,NO,,,,,,,
ISL,2007,NO,,,,,,,
ISL,2008,NO,,,,,,,
ISL,2009,NO,,,,,,,
ISL,2010,NO,,,,,,,
ISL,2011,NO,,,,,,,
ISL,2012,NO,,,,,,,
ISL,2013,NO,,,,,,,
ISL,2014,NO,,,,,,,
ISL,2015,NO,,,,,,,
ISL,2016,NO,,,,,,,
ISL,2017,NO,,,,,,,
ISL,2018,NO,,,,,,,
ISL,2019,NO,,,,,,,
ISL,2020,NO,,,,,,,
ISL,2021,NO,,,,,,,
ISL,2022,NO,,,,,,,
ISL,2023,NO,,,,,,,
ISL,2024,NO,,,,,,,
ITA,1990,NO,,,,,,,
ITA,1991,NO,,,,,,,
ITA,1992,NO,,,,,,,
ITA,1993,NO,,,,,,,
ITA,1994,NO,,,,,,,
ITA,1995,NO,,,,,,,
ITA,1996,NO,,,,,,,
ITA,1997,NO,,,,,,,
ITA,1998,NO,,,,,,,
ITA,1999,NO,,,,,,,
ITA,2000,NO,,,,,,,
ITA,2001,NO,,,,,,,
ITA,2002,NO,,,,,,,
ITA,2003,NO,,,,,,,
ITA,2004,NO,,,,,,,
ITA,2005,NO,,,,,,,
ITA,2006,NO,,,,,,,
ITA,2007,NO,,,,,,,
ITA,2008,NO,,,,,,,
ITA,2009,NO,,,,,,,
ITA,2010,NO,,,,,,,
ITA,2011,NO,,,,,,,
ITA,2012,NO,,,,,,,
ITA,2013,NO,,,,,,,
ITA,2014,NO,,,,,,,
ITA,2015,NO,,,,,,,
ITA,2016,NO,,,,,,,
ITA,2017,NO,,,,,,,
ITA,2018,NO,,,,,,,
ITA,2019,NO,,,,,,,
ITA,2020,NO,,,,,,,
ITA,2021,NO,,,,,,,
ITA,2022,NO,,,,,,,
ITA,2023,NO,,,,,,,
ITA,2024,NO,,,,,,,
JPN,1990,NE,,,,,,,
JPN,1991,NE,,,,,,,
JPN,1992,NE,,,,,,,
JPN,1993,NE,,,,,,,
JPN,1994,NE,,,,,,,
JPN,1995,NE,,,,,,,
JPN,1996,NE,,,,,,,
JPN,1997,NE,,,,,,,
JPN,1998,NE,,,,,,,
JPN,1999,NE,,,,,,,
JPN,2000,NE,,,,,,,
JPN,2001,NE,,,,,,,
JPN,2002,NE,,,,,,,
JPN,2003,NE,,,,,,,
JPN,2004,NE,,,,,,,
JPN,2005,NE,,,,,,,
JPN,2006,NE,,,,,,,
JPN,2007,NE,,,,,,,
JPN,2008,NE,,,,,,,
JPN,2009,NE,,,,,,,
JPN,2010,NE,,,,,,,
JPN,2011,NE,,,,,,,
JPN,2012,NE,,,,,,,
JPN,2013,NE,,,,,,,
JPN,2014,NE,,,,,,,
JPN,2015,NE,,,,,,,
JPN,2016,NE,,,,,,,
JPN,2017,NE,,,,,,,
JPN,2018,NE,,,,,,,
JPN,2019,NE,,,,,,,
JPN,2020,NE,,,,,,,
JPN,2021,NE,,,,,,,
JPN,2022,NE,,,,,,,
JPN,2023,NE,,,,,,,
JPN,2024,NE,,,,,,,
KAZ,1990,NE,,,,,,,
KAZ,1991,NE,,,,,,,
KAZ,1992,NE,,,,,,,
KAZ,1993,NE,,,,,,,
KAZ,1994,NE,,,,,,,
KAZ,1995,NE,,,,,,,
KAZ,1996,NE,,,,,,,
KAZ,1997,NE,,,,,,,
KAZ,1998,NE,,,,,,,
KAZ,1999,NE,,,,,,,
KAZ,2000,NE,,,,,,,
KAZ,2001,NE,,,,,,,
KAZ,2002,NE,,,,,,,
KAZ,2003,NE,,,,,,,
KAZ,2004,NE,,,,,,,
KAZ,2005,NE,,,,,,,
KAZ,2006,NE,,,,,,,
KAZ,2007,NE,,,,,,,
KAZ,2008,NE,,,,,,,
KAZ,2009,NE,,,,,,,
KAZ,2010,NE,,,,,,,
KAZ,2011,NE,,,,,,,
KAZ,2012,NE,,,,,,,
KAZ,2013,NE,,,,,,,
KAZ,2014,NE,,,,,,,
KAZ,2015,NE,,,,,,,
KAZ,2016,NE,,,,,,,
KAZ,2017,NE,,,,,,,
KAZ,2018,NE,,,,,,,
KAZ,2019,NE,,,,,,,
KAZ,2020,NE,,,,,,,
KAZ,2021,NE,,,,,,,
KAZ,2022,NE,,,,,,,
KAZ,2023,NE,,,,,,,
KAZ,2024,NE,,,,,,,
LIE,1990,NO,,,,,,,
LIE,1991,NO,,,,,,,
LIE,1992,NO,,,,,,,
LIE,1993,NO,,,,,,,
LIE,1994,NO,,,,,,,
LIE,1995,NO,,,,,,,
LIE,1996,NO,,,,,,,
LIE,1997,NO,,,,,,,
LIE,1998,NO,,,,,,,
LIE,1999,NO,,,,,,,
LIE,2000,NO,,,,,,,
LIE,2001,NO,,,,,,,
LIE,2002,NO,,,,,,,
LIE,2003,NO,,,,,,,
LIE,2004,NO,,,,,,,
LIE,2005,NO,,,,,,,
LIE,2006,NO,,,,,,,
LIE,2007,NO,,,,,,,
LIE,2008,NO,,,,,,,
LIE,2009,NO,,,,,,,
LIE,2010,NO,,,,,,,
LIE,2011,NO,,,,,,,
LIE,2012,NO,,,,,,,
LIE,2013,NO,,,,,,,
LIE,2014,NO,,,,,,,
LIE,2015,NO,,,,,,,
LIE,2016,NO,,,,,,,
LIE,2017,NO,,,,,,,
LIE,2018,NO,,,,,,,
LIE,2019,NO,,,,,,,
LIE,2020,NO,,,,,,,
LIE,2021,NO,,,,,,,
LIE,2022,NO,,,,,,,
LIE,2023,NO,,,,,,,
LIE,2024,NO,,,,,,,
LTU,1990,NO,,,,,,,
LTU,1991,NO,,,,,,,
LTU,1992,NO,,,,,,,
LTU,1993,NO,,,,,,,
LTU,1994,NO,,,,,,,
LTU,1995,NO,,,,,,,
LTU,1996,NO,,,,,,,
LTU,1997,NO,,,,,,,
LTU,1998,NO,,,,,,,
LTU,1999,NO,,,,,,,
LTU,2000,NO,,,,,,,
LTU,2001,NO,,,,,,,
LTU,2002,NO,,,,,,,
LTU,2003,NO,,,,,,,
LTU,2004,NO,,,,,,,
LTU,2005,NO,,,,,,,
LTU,2006,NO,,,,,,,
LTU,2007,NO,,,,,,,
LTU,2008,NO,,,,,,,
LTU,2009,NO,,,,,,,
LTU,2010,NO,,,,,,,
LTU,2011,NO,,,,,,,
LTU,2012,NO,,,,,,,
LTU,2013,NO,,,,,,,
LTU,2014,NO,,,,,,,
LTU,2015,NO,,,,,,,
LTU,2016,NO,,,,,,,
LTU,2017,NO,,,,,,,
LTU,2018,NO,,,,,,,
LTU,2019,NO,,,,,,,
LTU,2020,NO,,,,,,,
LTU,2021,NO,,,,,,,
LTU,2022,NO,,,,,,,
LTU,2023,NO,,,,,,,
LTU,2024,NO,,,,,,,
LUX,1990,NO,,,,,,,
LUX,1991,NO,,,,,,,
LUX,1992,NO,,,,,,,
LUX,1993,NO,,,,,,,
LUX,1994,NO,,,,,,,
LUX,1995,NO,,,,,,,
LUX,1996,NO,,,,,,,
LUX,1997,NO,,,,,,,
LUX,1998,NO,,,,,,,
LUX,1999,NO,,,,,,,
LUX,2000,NO,,,,,,,
LUX,2001,NO,,,,,,,
LUX,2002,NO,,,,,,,
LUX,2003,NO,,,,,,,
LUX,2004,NO,,,,,,,
LUX,2005,NO,,,,,,,
LUX,2006,NO,,,,,,,
LUX,2007,NO,,,,,,,
LUX,2008,NO,,,,,,,
LUX,2009,NO,,,,,,,
LUX,2010,NO,,,,,,,
LUX,2011,NO,,,,,,,
LUX,2012,NO,,,,,,,
LUX,2013,NO,,,,,,,
LUX,2014,NO,,,,,,,
LUX,2015,NO,,,,,,,
LUX,2016,NO,,,,,,,
LUX,2017,NO,,,,,,,
LUX,2018,NO,,,,,,,
LUX,2019,NO,,,,,,,
LUX,2020,NO,,,,,,,
LUX,2021,NO,,,,,,,
LUX,2022,NO,,,,,,,
LUX,2023,NO,,,,,,,
LUX,2024,NO,,,,,,,
LVA,1990,NO,,,,,,,
LVA,1991,NO,,,,,,,
LVA,1992,NO,,,,,,,
LVA,1993,NO,,,,,,,
LVA,1994,NO,,,,,,,
LVA,1995,NO,,,,,,,
LVA,1996,NO,,,,,,,
LVA,1997,NO,,,,,,,
LVA,1998,NO,,,,,,,
LVA,1999,NO,,,,,,,
LVA,2000,NO,,,,,,,
LVA,2001,NO,,,,,,,
LVA,2002,NO,,,,,,,
LVA,2003,NO,,,,,,,
LVA,2004,NO,,,,,,,
LVA,2005,NO,,,,,,,
LVA,2006,NO,,,,,,,
LVA,2007,NO,,,,,,,
LVA,2008,NO,,,,,,,
LVA,2009,NO,,,,,,,
LVA,2010,NO,,,,,,,
LVA,2011,NO,,,,,,,
LVA,2012,NO,,,,,,,
LVA,2013,NO,,,,,,,
LVA,2014,NO,,,,,,,
LVA,2015,NO,,,,,,,
LVA,2016,NO,,,,,,,
LVA,2017,NO,,,,,,,
LVA,2018,NO,,,,,,,
LVA,2019,NO,,,,,,,
LVA,2020,NO,,,,,,,
LVA,2021,NO,,,,,,,
LVA,2022,NO,,,,,,,
LVA,2023,NO,,,,,,,
LVA,2024,NO,,,,,,,
MCO,1990,NO,,,,,,,
MCO,1991,NO,,,,,,,
MCO,1992,NO,,,,,,,
MCO,1993,NO,,,,,,,
MCO,1994,NO,,,,,,,
MCO,1995,NO,,,,,,,
MCO,1996,NO,,,,,,,
MCO,1997,NO,,,,,,,
MCO,1998,NO,,,,,,,
MCO,1999,NO,,,,,,,
MCO,2000,NO,,,,,,,
MCO,2001,NO,,,,,,,
MCO,2002,NO,,,,,,,
MCO,2003,NO,,,,,,,
MCO,2004,NO,,,,,,,
MCO,2005,NO,,,,,,,
MCO,2006,NO,,,,,,,
MCO,2007,NO,,,,,,,
MCO,2008,NO,,,,,,,
MCO,2009,NO,,,,,,,
MCO,2010,NO,,,,,,,
MCO,2011,NO,,,,,,,
MCO,2012,NO,,,,,,,
MCO,2013,NO,,,,,,,
MCO,2014,NO,,,,,,,
MCO,2015,NO,,,,,,,
MCO,2016,NO,,,,,,,
MCO,2017,NO,,,,,,,
MCO,2018,NO,,,,,,,
MCO,2019,NO,,,,,,,
MCO,2020,NO,,,,,,,
MCO,2021,NO,,,,,,,
MCO,2022,NO,,,,,,,
MCO,2023,NO,,,,,,,
MCO,2024,NO,,,,,,,
NLD,1990,NO,,,,,,,
NLD,1991,NO,,,,,,,
NLD,1992,NO,,,,,,,
NLD,1993,NO,,,,,,,
NLD,1994,NO,,,,,,,
NLD,1995,NO,,,,,,,
NLD,1996,NO,,,,,,,
NLD,1997,NO,,,,,,,
NLD,1998,NO,,,,,,,
NLD,1999,NO,,,,,,,
NLD,2000,NO,,,,,,,
NLD,2001,NO,,,,,,,
NLD,2002,NO,,,,,,,
NLD,2003,NO,,,,,,,
NLD,2004,NO,,,,,,,
NLD,2005,NO,,,,,,,
NLD,2006,NO,,,,,,,
NLD,2007,NO,,,,,,,
NLD,2008,NO,,,,,,,
NLD,2009,NO,,,,,,,
NLD,2010,NO,,,,,,,
NLD,2011,NO,,,,,,,
NLD,2012,NO,,,,,,,
NLD,2013,NO,,,,,,,
NLD,2014,NO,,,,,,,
NLD,2015,NO,,,,,,,
NLD,2016,NO,,,,,,,
NLD,2017,NO,,,,,,,
NLD,2018,NO,,,,,,,
NLD,2019,NO,,,,,,,
NLD,2020,NO,,,,,,,
NLD,2021,NO,,,,,,,
NLD,2022,NO,,,,,,,
NLD,2023,NO,,,,,,,
NLD,2024,NO,,,,,,,
NZL,1990,NE,,,,,,,
NZL,1991,NE,,,,,,,
NZL,1992,NE,,,,,,,
NZL,1993,NE,,,,,,,
NZL,1994,NE,,,,,,,
NZL,1995,NE,,,,,,,
NZL,1996,NE,,,,,,,
NZL,1997,NE,,,,,,,
NZL,1998,NE,,,,,,,
NZL,1999,NE,,,,,,,
NZL,2000,NE,,,,,,,
NZL,2001,NE,,,,,,,
NZL,2002,NE,,,,,,,
NZL,2003,NE,,,,,,,
NZL,2004,NE,,,,,,,
NZL,2005,NE,,,,,,,
NZL,2006,NE,,,,,,,
NZL,2007,NE,,,,,,,
NZL,2008,NE,,,,,,,
NZL,2009,NE,,,,,,,
NZL,2010,NE,,,,,,,
NZL,2011,NE,,,,,,,
NZL,2012,NE,,,,,,,
NZL,2013,NE,,,,,,,
NZL,2014,NE,,,,,,,
NZL,2015,NE,,,,,,,
NZL,2016,NE,,,,,,,
NZL,2017,NE,,,,,,,
NZL,2018,NE,,,,,,,
NZL,2019,NE,,,,,,,
NZL,2020,NE,,,,,,,
NZL,2021,NE,,,,,,,
NZL,2022,NE,,,,,,,
NZL,2023,NE,,,,,,,
NZL,2024,NE,,,,,,,
POL,1988,NO,,,,,,,
POL,1990,NO,,,,,,,
POL,1991,NO,,,,,,,
POL,1992,NO,,,,,,,
POL,1993,NO,,,,,,,
POL,1994,NO,,,,,,,
POL,1995,NO,,,,,,,
POL,1996,NO,,,,,,,
POL,1997,NO,,,,,,,
POL,1998,NO,,,,,,,
POL,1999,NO,,,,,,,
POL,2000,NO,,,,,,,
POL,2001,NO,,,,,,,
POL,2002,NO,,,,,,,
POL,2003,NO,,,,,,,
POL,2004,NO,,,,,,,
POL,2005,NO,,,,,,,
POL,2006,NO,,,,,,,
POL,2007,NO,,,,,,,
POL,2008,NO,,,,,,,
POL,2009,NO,,,,,,,
POL,2010,NO,,,,,,,
POL,2011,NO,,,,,,,
POL,2012,NO,,,,,,,
POL,2013,NO,,,,,,,
POL,2014,NO,,,,,,,
POL,2015,NO,,,,,,,
POL,2016,NO,,,,,,,
POL,2017,NO,,,,,,,
POL,2018,NO,,,,,,,
POL,2019,NO,,,,,,,
POL,2020,NO,,,,,,,
POL,2021,NO,,,,,,,
POL,2022,NO,,,,,,,
POL,2023,NO,,,,,,,
POL,2024,NO,,,,,,,
PRT,1990,NO,,,,,,,
PRT,1991,NO,,,,,,,
PRT,1992,NO,,,,,,,
PRT,1993,NO,,,,,,,
PRT,1994,NO,,,,,,,
PRT,1995,NO,,,,,,,
PRT,1996,NO,,,,,,,
PRT,1997,NO,,,,,,,
PRT,1998,NO,,,,,,,
PRT,1999,NO,,,,,,,
PRT,2000,NO,,,,,,,
PRT,2001,NO,,,,,,,
PRT,2002,NO,,,,,,,
PRT,2003,NO,,,,,,,
PRT,2004,NO,,,,,,,
PRT,2005,NO,,,,,,,
PRT,2006,NO,,,,,,,
PRT,2007,NO,,,,,,,
PRT,2008,NO,,,,,,,
PRT,2009,NO,,,,,,,
PRT,2010,NO,,,,,,,
PRT,2011,NO,,,,,,,
PRT,2012,NO,,,,,,,
PRT,2013,NO,,,,,,,
PRT,2014,NO,,,,,,,
PRT,2015,NO,,,,,,,
PRT,2016,NO,,,,,,,
PRT,2017,NO,,,,,,,
PRT,2018,NO,,,,,,,
PRT,2019,NO,,,,,,,
PRT,2020,NO,,,,,,,
PRT,2021,NO,,,,,,,
PRT,2022,NO,,,,,,,
PRT,2023,NO,,,,,,,
PRT,2024,,,,,,,,
ROU,1989,NO,,,,,,,
ROU,1990,NO,,,,,,,
ROU,1991,NO,,,,,,,
ROU,1992,NO,,,,,,,
ROU,1993,NO,,,,,,,
ROU,1994,NO,,,,,,,
ROU,1995,NO,,,,,,,
ROU,1996,NO,,,,,,,
ROU,1997,NO,,,,,,,
ROU,1998,NO,,,,,,,
ROU,1999,NO,,,,,,,
ROU,2000,NO,,,,,,,
ROU,2001,NO,,,,,,,
ROU,2002,NO,,,,,,,
ROU,2003,NO,,,,,,,
ROU,2004,NO,,,,,,,
ROU,2005,NO,,,,,,,
ROU,2006,NO,,,,,,,
ROU,2007,NO,,,,,,,
ROU,2008,NO,,,,,,,
ROU,2009,NO,,,,,,,
ROU,2010,NO,,,,,,,
ROU,2011,NO,,,,,,,
ROU,2012,NO,,,,,,,
ROU,2013,NO,,,,,,,
ROU,2014,NO,,,,,,,
ROU,2015,NO,,,,,,,
ROU,2016,NO,,,,,,,
ROU,2017,NO,,,,,,,
ROU,2018,NO,,,,,,,
ROU,2019,NO,,,,,,,
ROU,2020,NO,,,,,,,
ROU,2021,NO,,,,,,,
ROU,2022,NO,,,,,,,
ROU,2023,NO,,,,,,,
ROU,2024,NO,,,,,,,
RUS,1990,NO,,,,,,,
RUS,1991,NO,,,,,,,
RUS,1992,NO,,,,,,,
RUS,1993,NO,,,,,,,
RUS,1994,NO,,,,,,,
RUS,1995,NO,,,,,,,
RUS,1996,NO,,,,,,,
RUS,1997,NO,,,,,,,
RUS,1998,NO,,,,,,,
RUS,1999,NO,,,,,,,
RUS,2000,NO,,,,,,,
RUS,2001,NO,,,,,,,
RUS,2002,NO,,,,,,,
RUS,2003,NO,,,,,,,
RUS,2004,NO,,,,,,,
RUS,2005,NO,,,,,,,
RUS,2006,NO,,,,,,,
RUS,2007,NO,,,,,,,
RUS,2008,NO,,,,,,,
RUS,2009,NO,,,,,,,
RUS,2010,NO,,,,,,,
RUS,2011,NO,,,,,,,
RUS,2012,NO,,,,,,,
RUS,2013,NO,,,,,,,
RUS,2014,NO,,,,,,,
RUS,2015,NO,,,,,,,
RUS,2016,NO,,,,,,,
RUS,2017,NO,,,,,,,
RUS,2018,NO,,,,,,,
RUS,2019,NO,,,,,,,
RUS,2020,NO,,,,,,,
RUS,2021,NO,,,,,,,
RUS,2022,NO,,,,,,,
RUS,2023,NO,,,,,,,
RUS,2024,NO,,,,,,,
SVK,1990,NO,,,,,,,
SVK,1991,NO,,,,,,,
SVK,1992,NO,,,,,,,
SVK,1993,NO,,,,,,,
SVK,1994,NO,,,,,,,
SVK,1995,NO,,,,,,,
SVK,1996,NO,,,,,,,
SVK,1997,NO,,,,,,,
SVK,1998,NO,,,,,,,
SVK,1999,NO,,,,,,,
SVK,2000,NO,,,,,,,
SVK,2001,NO,,,,,,,
SVK,2002,NO,,,,,,,
SVK,2003,NO,,,,,,,
SVK,2004,NO,,,,,,,
SVK,2005,NO,,,,,,,
SVK,2006,NO,,,,,,,
SVK,2007,NO,0.000225860511384,,,,,,
SVK,2008,NO,0.000182476224,,,,,,
SVK,2009,NO,0.0001056609,,,,,,
SVK,2010,NO,0.0000321901184,,,,,,
SVK,2011,NO,0.0000620523904,,,,,,
SVK,2012,NO,0.000027474620896,,,,,,
SVK,2013,NO,0.000045160315016,,,,,,
SVK,2014,NO,0.000026380944576,,,,,,
SVK,2015,NO,,,,,,,
SVK,2016,NO,,,,,,,
SVK,2017,NO,,,,,,,
SVK,2018,NO,,,,,,,
SVK,2019,NO,,,,,,,
SVK,2020,NO,,,,,,,
SVK,2021,NO,,,,,,,
SVK,2022,NO,,,,,,,
SVK,2023,NO,,,,,,,
SVK,2024,NO,,,,,,,
SVN,1986,NO,,,,,,,
SVN,1990,NO,,,,,,,
SVN,1991,NO,,,,,,,
SVN,1992,NO,,,,,,,
SVN,1993,NO,,,,,,,
SVN,1994,NO,,,,,,,
SVN,1995,NO,,,,,,,
SVN,1996,NO,,,,,,,
SVN,1997,NO,,,,,,,
SVN,1998,NO,,,,,,,
SVN,1999,NO,,,,,,,
SVN,2000,NO,,,,,,,
SVN,2001,NO,,,,,,,
SVN,2002,NO,,,,,,,
SVN,2003,NO,,,,,,,
SVN,2004,NO,,,,,,,
SVN,2005,NO,,,,,,,
SVN,2006,NO,,,,,,,
SVN,2007,NO,,,,,,,
SVN,2008,NO,,,,,,,
SVN,2009,NO,,,,,,,
SVN,2010,NO,,,,,,,
SVN,2011,NO,,,,,,,
SVN,2012,NO,,,,,,,
SVN,2013,NO,,,,,,,
SVN,2014,NO,,,,,,,
SVN,2015,NO,,,,,,,
SVN,2016,NO,,,,,,,
SVN,2017,NO,,,,,,,
SVN,2018,NO,,,,,,,
SVN,2019,NO,,,,,,,
SVN,2020,NO,,,,,,,
SVN,2021,NO,,,,,,,
SVN,2022,NO,,,,,,,
SVN,2023,NO,,,,,,,
SVN,2024,NO,,,,,,,
SWE,1990,NO,,,,,,,
SWE,1991,NO,,,,,,,
SWE,1992,NO,,,,,,,
SWE,1993,NO,,,,,,,
SWE,1994,NO,,,,,,,
SWE,1995,NO,,,,,,,
SWE,1996,NO,,,,,,,
SWE,1997,NO,,,,,,,
SWE,1998,NO,,,,,,,
SWE,1999,NO,,,,,,,
SWE,2000,NO,,,,,,,
SWE,2001,NO,,,,,,,
SWE,2002,NO,,,,,,,
SWE,2003,NO,,,,,,,
SWE,2004,NO,,,,,,,
SWE,2005,NO,,,,,,,
SWE,2006,NO,,,,,,,
SWE,2007,NO,,,,,,,
SWE,2008,NO,,,,,,,
SWE,2009,NO,,,,,,,
SWE,2010,NO,,,,,,,
SWE,2011,NO,,,,,,,
SWE,2012,NO,,,,,,,
SWE,2013,NO,,,,,,,
SWE,2014,NO,,,,,,,
SWE,2015,NO,,,,,,,
SWE,2016,NO,,,,,,,
SWE,2017,NO,,,,,,,
SWE,2018,NO,,,,,,,
SWE,2019,NO,,,,,,,
SWE,2020,NO,,,,,,,
SWE,2021,NO,,,,,,,
SWE,2022,NO,,,,,,,
SWE,2023,NO,,,,,,,
SWE,2024,NO,,,,,,,
TUR,1990,NO,,,,,,,
TUR,1991,NO,,,,,,,
TUR,1992,NO,,,,,,,
TUR,1993,NO,,,,,,,
TUR,1994,NO,,,,,,,
TUR,1995,NO,,,,,,,
TUR,1996,NO,,,,,,,
TUR,1997,NO,,,,,,,
TUR,1998,NO,,,,,,,
TUR,1999,NO,,,,,,,
TUR,2000,NO,,,,,,,
TUR,2001,NO,,,,,,,
TUR,2002,NO,,,,,,,
TUR,2003,NO,,,,,,,
TUR,2004,NO,,,,,,,
TUR,2005,NO,,,,,,,
TUR,2006,NO,,,,,,,
TUR,2007,NO,,,,,,,
TUR,2008,NO,,,,,,,
TUR,2009,NO,,,,,,,
TUR,2010,NO,,,,,,,
TUR,2011,NO,,,,,,,
TUR,2012,NO,,,,,,,
TUR,2013,NO,,,,,,,
TUR,2014,NO,,,,,,,
TUR,2015,NO,,,,,,,
TUR,2016,NO,,,,,,,
TUR,2017,NO,,,,,,,
TUR,2018,NO,,,,,,,
TUR,2019,NO,,,,,,,
TUR,2020,NO,,,,,,,
TUR,2021,NO,,,,,,,
TUR,2022,NO,,,,,,,
TUR,2023,NO,,,,,,,
TUR,2024,NO,,,,,,,
UKR,1990,NO,,,,,,,
UKR,1991,NO,,,,,,,
UKR,1992,NO,,,,,,,
UKR,1993,NO,,,,,,,
UKR,1994,NO,,,,,,,
UKR,1995,NO,,,,,,,
UKR,1996,NO,,,,,,,
UKR,1997,NO,,,,,,,
UKR,1998,NO,,,,,,,
UKR,1999,NO,,,,,,,
UKR,2000,NO,,,,,,,
UKR,2001,NO,,,,,,,
UKR,2002,NO,,,,,,,
UKR,2003,NO,,,,,,,
UKR,2004,NO,,,,,,,
UKR,2005,NO,,,,,,,
UKR,2006,NO,,,,,,,
UKR,2007,NO,,,,,,,
UKR,2008,NO,,,,,,,
UKR,2009,NO,,,,,,,
UKR,2010,NO,,,,,,,
UKR,2011,NO,,,,,,,
UKR,2012,NO,,,,,,,
UKR,2013,NO,,,,,,,
UKR,2014,NO,,,,,,,
UKR,2015,NO,,,,,,,
UKR,2016,NO,,,,,,,
UKR,2017,NO,,,,,,,
UKR,2018,NO,,,,,,,
UKR,2019,NO,,,,,,,
UKR,2020,NO,,,,,,,
UKR,2021,NO,,,,,,,
UKR,2022,NO,,,,,,,
UKR,2023,NO,,,,,,,
UKR,2024,NO,,,,,,,
